repeat_unit_MW,backbone_flexibility,polarity_index,hydrogen_bond_capacity,aromatic_content,crystallinity_tendency,eco_score,is_alloy,mw_flexibility,polar_hbond,Tg_celsius,tensile_strength_MPa,youngs_modulus_GPa,density_gcm3,thermal_conductivity_WmK,log10_elec_conductivity,elongation_at_break_pct,dielectric_constant,water_absorption_pct,oxygen_permeability_barrer
0.7340920287590212,0.30114369784234396,-0.5851309769638602,0.005806126122500255,-1.1113454901027466,-0.759952364065305,1.0735819656858459,-0.9949874371066199,1.3371558617127122,-0.3866582181869463,59.1,85.9,3.01,1.315,0.79,-12.02,26.6,4.29,0.499,24.546
-0.5454173598698479,0.14316233790220395,2.3103839463422062,1.738934773688844,0.9098366752276003,0.8851822258311031,-1.0048833115374096,1.0050378152592119,-0.5217308983251229,2.5299882863767436,1011.8,1460.1,414.43,10.21,89.0,5.39,0.5,14.58,0.598,2.359
-0.7866363429720116,-2.437199874453414,-0.2748972351810675,-0.18676372360709348,1.3949203949068836,-1.6739160251188647,-0.390125976020672,1.0050378152592119,-1.132112944097729,-0.3579833227769101,568.5,996.3,227.96,5.1,5.0,3.23,0.5,8.31,0.378,1.887
-0.796317372394172,-1.8579348880062343,-0.5851309769638602,-0.3793335733366872,-0.222025337357394,0.8851822258311031,0.25390551833019576,1.0050378152592119,-1.070646261749156,-0.5505147633871535,606.9,696.3,183.98,5.19,46.7,4.3,0.5,8.64,0.17,0.001
-0.8035781444607923,-0.9100467283653951,-1.4124209550513078,-1.0533280473902653,0.505600242161531,0.9765785919364591,-0.30230349951828084,1.0050378152592119,-0.9758289899840018,-0.984734608167703,485.5,575.4,128.68,5.03,65.5,4.19,5.5,7.26,0.031,0.297
2.565420094451034,-1.2786699015590548,0.4489814956454493,-0.9570431225254686,1.3140731082936696,-1.6739160251188647,-1.8538339177271899,-0.9949874371066199,1.015576668397864,-0.5914788996872055,175.2,121.4,4.53,1.497,1.283,-8.67,1.0,5.26,0.467,8.55
-0.1936732908646858,0.7224273243493834,-2.653355922182479,-1.9198923711734375,-1.1113454901027466,0.458665850672775,-1.8538339177271899,-0.9949874371066199,0.19307603934257944,-1.205940944187983,3.9,55.4,1.64,1.113,2.005,-14.99,23.1,2.26,0.001,22.971
-0.796317372394172,-1.0680280883055349,-0.7919534714857219,-0.5719034230662812,0.505600242161531,0.6719240382519388,-1.4439956940493648,1.0050378152592119,-0.9868280585465563,-0.6897928268073298,573.4,709.9,168.99,5.28,58.9,4.25,1.5,8.47,0.148,0.49
-0.1936732908646858,0.03784143127544395,-0.5851309769638602,-0.9570431225254686,-1.1113454901027466,-0.1506432566962648,1.0735819656858459,-0.9949874371066199,-0.0940482404028207,-0.7962995811874646,51.6,82.9,2.89,1.303,1.395,-12.95,21.7,4.01,0.236,15.225
0.7582946023144223,0.9857295909162833,-0.5851309769638602,0.005806126122500255,-1.1113454901027466,-1.6739160251188647,1.0735819656858459,-0.9949874371066199,1.997541705127133,-0.3866582181869463,50.5,63.5,1.88,1.24,0.199,-12.81,41.9,4.4,0.668,38.262
-0.4711961342999512,0.45912505778248397,0.3455702483845183,0.2946609007168908,1.2332258216804557,0.6719240382519388,-0.009561911176977342,1.0050378152592119,-0.33523263538895687,0.16021300141874542,794.0,1083.9,261.9,11.22,97.2,5.19,6.7,11.17,0.328,3.441
-0.7922836101349385,-1.4366512614991946,-0.5851309769638602,-0.3793335733366872,1.6374622547465254,1.1898367795156228,-0.9463349938691488,1.0050378152592119,-1.0238450041506557,-0.5505147633871535,616.2,894.6,203.26,5.4,38.5,3.51,0.5,9.31,0.144,0.001
-0.7866363429720116,1.2490318574831827,-0.17148598792013645,0.005806126122500255,0.5864475287747447,0.9156476811995551,0.19535720066193502,1.0050378152592119,-0.7224086833841002,-0.22280167298673903,654.5,827.1,207.49,5.4,123.1,5.64,16.3,10.45,0.236,4.366
-0.48491092598134516,2.5128827370043014,0.862626484689173,0.6798006001760787,2.0416986878125947,1.0984404134102668,-0.30230349951828084,1.0050378152592119,0.19453374722436367,0.674312911984396,828.2,1267.3,312.05,11.07,143.2,5.87,19.3,12.27,0.381,6.335
-0.7688877890313841,0.8277482309761434,-0.7919534714857219,-0.4756184982014842,-1.0304982034895327,1.1593713241471708,0.10753472415954418,1.0050378152592119,-0.7391060645754481,-0.6529251041372831,580.1,484.9,154.26,5.75,139.5,6.43,17.8,8.95,0.121,3.292
-0.490558193144272,2.776185003571202,0.862626484689173,0.6798006001760787,-0.868803630263105,0.9765785919364591,-1.3561732175469736,1.0050378152592119,0.24979412783382474,0.674312911984396,828.0,876.0,276.69,11.13,191.2,7.59,23.5,12.32,0.385,7.229
-0.48571767843319186,2.091599110497262,-0.2748972351810675,-0.18676372360709348,0.8289893886143863,1.1898367795156228,-0.12665854651349887,1.0050378152592119,0.07972820829231829,-0.3579833227769101,662.7,834.3,203.48,11.17,147.0,5.98,22.2,9.9,0.199,5.776
1.581182103198058,-0.5940840084851154,-0.5851309769638602,0.005806126122500255,0.10136380909546147,-1.6739160251188647,1.0735819656858459,-0.9949874371066199,1.34157315832418,-0.3866582181869463,116.4,96.6,3.58,1.329,0.647,-10.51,13.2,4.48,0.554,21.204
-0.30661863412322404,-0.06747947535131575,-0.5851309769638602,-0.9570431225254686,-1.1113454901027466,0.00168402014599498,1.0735819656858459,-0.9949874371066199,-0.27736604977873,-0.7962995811874646,53.7,88.5,3.04,1.306,1.495,-13.14,18.1,3.99,0.219,13.084
-0.48168391617395834,0.19582279121558394,0.13874775386265667,0.1983759758520942,-0.5858381271168565,0.6109931275150351,-0.799964199698497,1.0050378152592119,-0.422032513804297,0.010693903923556701,684.6,805.1,224.33,11.21,108.5,5.75,8.2,10.58,0.306,2.986
1.5005068580133878,0.45912505778248397,-1.6192434495731696,-0.9570431225254686,-0.5049908405036426,-1.6739160251188647,1.0735819656858459,-0.9949874371066199,2.6336324171784806,-1.0011202626877238,51.6,52.6,1.42,1.176,0.621,-12.39,33.2,3.47,0.283,36.598
1.3230213186071134,-1.2786699015590548,-0.5851309769638602,-0.9570431225254686,1.5161913248267045,-0.6685559979599489,-0.6828675643619755,-0.9949874371066199,0.2672866224152367,-0.7962995811874646,158.5,135.8,5.33,1.475,1.996,-8.91,1.0,4.32,0.133,1.459
-0.758400007157377,0.45912505778248397,-0.5851309769638602,-1.9198923711734375,-1.1113454901027466,0.458665850672775,-1.8538339177271899,-0.9949874371066199,-0.7676859736516441,-1.205940944187983,36.9,76.2,2.6,1.321,1.983,-13.82,27.1,3.75,0.001,13.895
-0.47280963920364455,0.7224273243493834,-0.17148598792013645,-0.09047879874229672,1.4757676815200975,0.7937858597257469,-1.2390765822104524,1.0050378152592119,-0.2654393489277672,-0.27195863654680125,692.5,952.1,237.48,11.52,92.9,4.97,10.7,9.7,0.246,3.96
-0.5438038549661542,-0.06747947535131575,1.7933277100375513,1.3537950742296567,1.0311076051474213,1.1289058687787188,-0.390125976020672,1.0050378152592119,-0.569570220627318,1.7885374193458057,974.7,1408.0,395.46,9.74,84.6,5.07,0.5,13.64,0.516,1.6
0.6614843080928181,-0.43610264854497544,-0.5851309769638602,-0.9570431225254686,0.7077184586945656,-0.6076250872230449,0.48809878900323883,-0.9949874371066199,0.5968169496307267,-0.7962995811874646,123.2,115.4,4.29,1.429,1.796,-9.58,3.2,4.16,0.181,10.852
-0.7729215512906177,0.8804086842895233,-0.37830848244199805,-0.18676372360709348,0.3439056689351031,1.0070440473049111,0.31245383599845655,1.0050378152592119,-0.7397244861010537,-0.3948510454469566,657.4,749.4,194.26,5.76,125.9,5.76,14.4,9.15,0.184,3.636
-0.5494511221290813,0.09050188458882395,1.5865052155156893,1.2575101493648597,1.7991568279729528,1.0984404134102668,-0.9756091527032792,1.0050378152592119,-0.539488430703223,1.565282876510523,919.3,1465.9,368.64,9.89,78.2,4.89,0.5,12.95,0.536,2.0
0.6614843080928181,-0.33078174191821547,0.4489814956454493,-0.9570431225254686,0.10136380909546147,-0.9122796409075649,1.0735819656858459,-0.9949874371066199,0.6878132598269613,-0.5914788996872055,116.9,106.7,3.73,1.457,1.365,-10.47,15.5,5.26,0.438,12.983
-0.7592067596092238,1.9336177505571222,-0.17148598792013645,0.005806126122500255,0.8289893886143863,1.1593713241471708,-0.0973843876793685,1.0050378152592119,-0.5839926940637601,-0.22280167298673903,655.0,850.1,215.25,5.98,147.1,6.05,20.6,10.1,0.213,5.508
0.7098894552036201,0.30114369784234396,-0.5851309769638602,0.005806126122500255,-1.1113454901027466,-0.6685559979599489,0.7808403773445424,-0.9949874371066199,1.3027009481432645,-0.3866582181869463,59.5,88.1,3.1,1.327,0.863,-12.11,24.7,4.37,0.5,23.355
-0.20980833990161982,-0.9627071816787749,-0.5851309769638602,-0.9570431225254686,0.505600242161531,-1.5215887482766048,1.0735819656858459,-0.9949874371066199,-0.5260598490043612,-0.7962995811874646,126.0,94.7,3.43,1.265,1.084,-10.42,8.1,4.17,0.345,15.67
1.0567930094977018,0.6171064177226233,-0.5851309769638602,0.005806126122500255,-1.1113454901027466,-0.9732105516444688,1.0735819656858459,-0.9949874371066199,2.1344779000826306,-0.3866582181869463,53.1,80.7,2.79,1.324,0.643,-12.34,32.3,4.49,0.525,29.177
-0.482490668625805,1.5649945773634628,0.6558039901673114,0.4872307504464847,-0.7475327003432842,1.0984404134102668,-0.7121417231961059,1.0050378152592119,-0.054469262764070124,0.4326245078140903,807.7,857.7,258.46,10.98,155.4,6.65,15.7,11.95,0.378,5.112
-0.35502378123402617,-0.17280038197807576,-0.5851309769638602,0.005806126122500255,-1.1113454901027466,-0.9122796409075649,1.0735819656858459,-0.9949874371066199,-0.3723379269252855,-0.3866582181869463,63.6,83.9,2.98,1.235,0.686,-12.27,22.5,4.43,0.542,20.138
1.9038830839367387,-0.43610264854497544,-0.5851309769638602,-0.9570431225254686,0.30348202562849613,-1.5215887482766048,1.0735819656858459,-0.9949874371066199,1.8893179381461744,-0.7962995811874646,112.8,87.4,2.96,1.308,1.036,-10.64,16.6,4.15,0.354,19.874
-0.542190350062461,0.14316233790220395,2.4137951936031374,1.835219698553641,0.505600242161531,0.7633204043572949,-0.9463349938691488,1.0050378152592119,-0.5174019476458845,2.7081822792819694,1006.6,1509.5,410.04,9.73,93.8,5.83,0.5,14.98,0.669,2.528
-0.4655488671370243,0.5644459644092433,0.24215900112358724,0.1983759758520942,1.5566149681333115,0.7937858597257469,-1.1805282645421917,1.0050378152592119,-0.29744266287785076,0.05575445385361348,718.4,1047.3,252.04,11.44,90.4,5.07,7.6,10.71,0.296,3.632
-0.609957556017584,-0.7520653684252552,1.5865052155156893,1.2575101493648597,0.7885657453077793,1.1289058687787188,-0.9463349938691488,1.0050378152592119,-0.7900374945056706,1.565282876510523,918.7,1362.7,378.1,8.96,69.2,4.9,0.5,13.06,0.499,0.371
-0.8084186591718725,-1.5946326214393345,-1.4124209550513078,-1.0533280473902653,0.2630583823218894,0.6109931275150351,-0.7414158820302362,1.0050378152592119,-1.048007616615384,-0.984734608167703,481.9,544.8,126.47,5.02,46.8,4.04,0.7,7.36,0.046,0.001
-0.5260553010255269,-0.7520653684252552,1.4830939682547588,1.1612252245000632,-0.060330764130966205,1.1898367795156228,-0.3315776583524112,1.0050378152592119,-0.7165336788908482,1.4157637790153343,946.7,1157.4,354.87,10.35,76.5,5.24,0.5,14.16,0.497,0.258
-0.30661863412322404,-0.33078174191821547,-0.5851309769638602,-0.9570431225254686,-1.1113454901027466,-0.1506432566962648,1.0735819656858459,-0.9949874371066199,-0.3723379269252855,-0.7962995811874646,55.8,85.0,2.87,1.285,1.382,-13.11,17.7,4.2,0.238,12.055
0.47593124416807664,0.45912505778248397,-0.5851309769638602,0.005806126122500255,-1.1113454901027466,-0.9122796409075649,1.0735819656858459,-0.9949874371066199,1.0908915756233883,-0.3866582181869463,56.5,83.0,2.75,1.296,0.67,-12.5,29.1,4.4,0.534,28.012
1.3391563676440474,0.7224273243493834,-0.5851309769638602,0.005806126122500255,-1.1113454901027466,-1.5215887482766048,1.0735819656858459,-0.9949874371066199,2.7109351078791653,-0.3866582181869463,52.5,68.2,2.13,1.265,0.294,-12.29,38.7,4.06,0.62,36.136
0.20970293505866508,-0.33078174191821547,-1.6192434495731696,-1.9198923711734375,0.30348202562849613,-1.6739160251188647,-1.8538339177271899,-0.9949874371066199,0.19307603934257944,-1.205940944187983,85.1,58.4,1.69,1.143,1.156,-11.67,21.5,3.05,0.053,26.994
-0.5494511221290813,-0.06747947535131575,2.103561451820344,1.6426498488240475,0.2226347390152824,1.2203022348840749,-0.799964199698497,1.0050378152592119,-0.5765274627903796,2.2801070549464275,1029.4,1408.1,400.68,9.88,88.5,5.61,0.5,13.81,0.595,1.552
0.04835244468932473,-0.12013992866469575,-0.5851309769638602,0.005806126122500255,-0.10075440743757318,-0.9122796409075649,1.0735819656858459,-0.9949874371066199,0.13123388678203177,-0.3866582181869463,98.2,105.9,3.97,1.332,1.04,-10.58,12.6,4.61,0.451,18.381
-0.6147980707286641,-0.6994049151118752,1.5865052155156893,1.2575101493648597,-0.6262617704234634,0.6414585828834871,-0.0973843876793685,1.0050378152592119,-0.7837207603512718,1.565282876510523,891.6,1193.5,342.52,8.54,84.1,5.62,0.5,12.77,0.551,1.261
-0.7761485610980045,1.0910504975430433,-0.9987759660075838,-0.668188347931078,1.9204277578927738,0.854716770462651,-0.24375518185002007,1.0050378152592119,-0.7207301106717424,-0.7799139266674439,574.2,843.9,162.21,5.37,96.4,4.75,16.6,8.08,0.099,4.172
1.5005068580133878,-0.7520653684252552,0.4489814956454493,0.005806126122500255,0.505600242161531,-1.6129851143819607,1.0735819656858459,-0.9949874371066199,1.0588661751902475,0.022983144813571988,146.0,119.8,4.38,1.502,0.807,-9.46,9.0,5.5,0.664,14.201
1.8232078387520685,-0.8573862750520151,0.4489814956454493,1.9315046234184379,-0.7071090570366773,-1.6739160251188647,1.0735819656858459,-0.9949874371066199,1.1869677769228106,1.251907233815127,117.2,120.0,4.68,1.433,0.1,-10.18,10.7,5.93,1.091,17.166
-0.30661863412322404,-0.33078174191821547,-0.5851309769638602,0.005806126122500255,-1.1113454901027466,0.1540112969882551,1.0735819656858459,-0.9949874371066199,-0.3723379269252855,-0.3866582181869463,66.3,102.5,4.17,1.308,1.384,-12.38,10.0,4.48,0.339,8.992
-0.6172183280842042,-0.8573862750520151,1.5865052155156893,1.2575101493648597,0.0609401657888545,1.1593713241471708,-0.36085181718654163,1.0050378152592119,-0.8173805605306557,1.565282876510523,900.2,1224.3,354.78,8.66,73.5,5.16,0.5,13.48,0.48,0.099
-0.788249847875705,1.0910504975430433,-0.5851309769638602,-0.3793335733366872,-0.019907120824359227,0.9461131365680071,-0.06811022884523811,1.0050378152592119,-0.7429270261443677,-0.5505147633871535,585.9,675.4,174.68,5.42,132.1,5.9,17.6,8.27,0.159,4.308
0.7744296513513563,-0.22546083529145575,-0.5851309769638602,-0.9570431225254686,0.505600242161531,-0.5466941764861409,0.7808403773445424,-0.9949874371066199,0.9086780904003458,-0.7962995811874646,119.1,110.7,4.04,1.433,1.741,-10.81,6.5,4.18,0.182,12.956
-0.4784569063665715,2.144259563810642,0.5523927429063803,0.4872307504464847,2.0821223311192014,1.1593713241471708,-0.3315776583524112,1.0050378152592119,0.1111131007167964,0.3814193374390255,818.4,1110.7,279.06,11.39,139.8,5.73,17.7,11.58,0.332,5.663
-0.626092605054518,-0.6467444617984952,-0.06807474065920542,0.005806126122500255,1.5161913248267045,0.7023894936203908,-1.2683507410445827,1.0050378152592119,-0.7836765873851572,-0.18183753668668715,706.8,1027.2,234.52,8.29,60.1,4.23,0.5,9.77,0.275,1.301
0.5566064893527468,-0.8573862750520151,0.4489814956454493,0.005806126122500255,0.30348202562849613,-0.9122796409075649,1.0735819656858459,-0.9949874371066199,0.1466944249221686,0.022983144813571988,136.2,127.0,4.91,1.492,1.235,-9.32,3.1,5.38,0.573,7.426
1.3391563676440474,-1.4893117148125745,-0.5851309769638602,-0.9570431225254686,1.1119548917606352,0.00168402014599498,-1.8538339177271899,-0.9949874371066199,0.02080147149533926,-0.7962995811874646,152.8,136.8,5.59,1.469,2.267,-8.97,1.0,4.3,0.054,0.001
0.5485389648342798,-0.5940840084851154,0.4489814956454493,-0.9570431225254686,0.10136380909546147,-0.759952364065305,1.0735819656858459,-0.9949874371066199,0.3520987173554162,-0.5914788996872055,120.2,114.2,4.01,1.491,1.514,-10.5,11.5,4.97,0.425,8.822
-0.5325093206403005,-0.33078174191821547,0.5523927429063803,0.4872307504464847,1.8395804712795598,0.7937858597257469,-1.0634316292056702,1.0050378152592119,-0.6197065371674763,0.3814193374390255,798.9,1180.9,295.29,10.16,65.2,4.39,0.5,12.03,0.337,1.726
-0.35502378123402617,0.09050188458882395,-0.5851309769638602,0.005806126122500255,-1.1113454901027466,-0.9122796409075649,1.0735819656858459,-0.9949874371066199,-0.2839919946959316,-0.3866582181869463,63.5,84.7,2.83,1.254,0.704,-12.2,25.0,4.64,0.542,22.909
6.357156618130532,-0.22546083529145575,0.4489814956454493,2.894353872066407,-1.1113454901027466,-1.5825196590135089,1.0735819656858459,-0.9949874371066199,7.327893526185199,1.8663692783159043,108.1,131.7,4.98,1.404,0.1,-10.49,16.4,6.1,1.294,24.372
-0.4639353622333309,0.5644459644092433,-0.06807474065920542,0.005806126122500255,-0.222025337357394,0.550062216778131,-1.4439956940493648,1.0050378152592119,-0.29492480380931424,-0.18183753668668715,651.0,780.3,215.39,11.32,107.4,5.65,11.1,9.31,0.268,3.745
-0.7890566003275516,0.9330691376029033,-0.9987759660075838,-0.668188347931078,1.6374622547465254,1.0679749580418147,-0.038836070011107726,1.0050378152592119,-0.7617667961922774,-0.7799139266674439,557.8,774.5,165.29,5.57,110.4,4.84,17.7,8.94,0.09,3.904
0.5485389648342798,-0.8573862750520151,0.4489814956454493,-0.9570431225254686,0.10136380909546147,-0.8513487301706608,1.0735819656858459,-0.9949874371066199,0.14006848000496697,-0.5914788996872055,118.4,110.6,4.21,1.437,1.362,-10.35,9.5,4.78,0.43,7.683
0.5485389648342798,-0.7520653684252552,0.4489814956454493,0.005806126122500255,0.505600242161531,-1.5215887482766048,1.0735819656858459,-0.9949874371066199,0.2248805749451468,0.022983144813571988,143.4,116.6,4.75,1.439,0.897,-9.08,8.3,5.33,0.662,14.379
-0.5526781319364681,-0.6994049151118752,0.966037731950104,0.7760855250408752,-0.5049908405036426,0.7023894936203908,-0.9756091527032792,1.0050378152592119,-0.7275990069025748,0.8013017345145566,867.4,1005.3,313.17,9.59,86.8,5.55,0.5,11.52,0.437,1.167
-0.5325093206403005,-0.5940840084851154,0.4489814956454493,0.005806126122500255,-1.1113454901027466,0.00168402014599498,0.48809878900323883,-0.9949874371066199,-0.6837573380337579,0.022983144813571988,85.4,115.2,4.41,1.427,1.28,-11.62,10.7,5.12,0.547,4.434
-0.4800704112702649,0.6171064177226233,0.035336506601725624,0.10209105098729723,-0.7879563436498911,0.3063385738305149,-0.2144810230158897,1.0050378152592119,-0.3058576129226967,-0.08762002319656777,655.1,726.5,217.07,11.17,124.5,6.49,12.0,10.84,0.316,4.222
-0.8124524214311061,-0.9627071816787749,-0.7919534714857219,-0.5719034230662812,0.9906839618408143,0.6109931275150351,0.01971224765715304,1.0050378152592119,-0.9880207286316527,-0.6897928268073298,578.3,789.9,178.43,5.01,54.6,4.17,1.6,8.77,0.163,0.792
-0.282416060567823,-0.06747947535131575,0.4489814956454493,0.9686553747704691,-1.1113454901027466,-1.3692614714343447,1.0735819656858459,-0.9949874371066199,-0.247549297651323,0.6374451893143495,89.6,101.5,3.68,1.356,0.2,-11.4,25.3,5.6,0.915,24.048
-0.7616270169647638,1.3016923107965628,-0.9987759660075838,-0.668188347931078,1.3544967516002766,0.824251315094199,-0.30230349951828084,1.0050378152592119,-0.6679434161647035,-0.7799139266674439,596.2,723.3,159.56,5.83,117.0,5.27,18.6,8.29,0.106,4.683
-0.6131845658249707,-0.43610264854497544,1.896738957298483,1.4500799990944535,0.505600242161531,0.7633204043572949,-0.887786676200888,1.0050378152592119,-0.7292554931318751,1.9482975509160083,991.6,1326.8,391.12,8.7,75.9,5.35,0.5,13.38,0.552,1.58
-0.7713080463869243,0.9330691376029033,-0.7919534714857219,-0.5719034230662812,0.3439056689351031,0.9156476811995551,-0.390125976020672,1.0050378152592119,-0.7306690280475447,-0.6897928268073298,600.7,646.7,165.28,5.86,119.5,5.57,17.7,8.81,0.136,3.923
-0.4841041735294984,1.9336177505571222,0.5523927429063803,0.4872307504464847,0.7077184586945656,0.9156476811995551,-1.2390765822104524,1.0050378152592119,0.04112103590809069,0.3814193374390255,789.5,1019.4,268.07,11.24,148.0,6.13,17.1,11.65,0.346,5.759
-0.41956397738176227,-0.5414235551717355,-0.5851309769638602,0.9686553747704691,-1.1113454901027466,-0.4552978103807849,1.0735819656858459,-0.9949874371066199,-0.5596313032515158,0.022983144813571988,79.6,108.5,4.37,1.292,0.803,-11.65,7.7,5.09,0.614,12.762
-0.41956397738176227,-0.43610264854497544,-0.5851309769638602,0.005806126122500255,-1.1113454901027466,-0.6076250872230449,1.0735819656858459,-0.9949874371066199,-0.5278267676489483,-0.3866582181869463,67.0,92.3,3.44,1.244,0.925,-11.8,16.1,4.4,0.467,14.875
-0.08879547212461457,0.09050188458882395,-0.5851309769638602,0.005806126122500255,-1.1113454901027466,-0.30297053353852493,-1.8538339177271899,-0.9949874371066199,0.06585789693230973,-0.3866582181869463,60.7,94.0,3.51,1.29,1.071,-12.41,19.6,4.4,0.423,16.952
0.16129778794786298,0.19582279121558394,-0.5851309769638602,-0.9570431225254686,-1.1113454901027466,-0.30297053353852493,0.48809878900323883,-0.9949874371066199,0.4581138360306411,-0.7962995811874646,48.8,80.2,2.75,1.312,1.293,-12.94,25.5,4.2,0.266,17.301
0.3871884744649395,0.19582279121558394,-0.5851309769638602,-0.9570431225254686,-1.1113454901027466,-0.5466941764861409,1.0735819656858459,-0.9949874371066199,0.7673245988333797,-0.7962995811874646,50.4,73.8,2.37,1.299,1.112,-12.86,27.0,4.15,0.299,20.3
-0.5518713794846213,-0.6994049151118752,0.7592152374282419,0.5835156753112817,-0.5049908405036426,1.0070440473049111,-0.8585125173667576,1.0050378152592119,-0.7268701529616827,0.5514205030842406,807.6,968.4,291.6,9.51,90.4,5.3,0.5,11.47,0.379,0.628
-0.1936732908646858,0.09050188458882395,-0.5851309769638602,-0.9570431225254686,-1.1113454901027466,-0.1506432566962648,1.0735819656858459,-0.9949874371066199,-0.07196175734548223,-0.7962995811874646,50.0,85.4,2.81,1.289,1.439,-12.45,21.9,4.13,0.241,15.616
-0.16140319279081772,-0.5940840084851154,-1.6192434495731696,-1.9198923711734375,0.9098366752276003,-1.6739160251188647,-1.8538339177271899,-0.9949874371066199,-0.32816496081060853,-1.205940944187983,108.3,72.9,2.32,1.169,1.365,-10.41,12.1,3.19,0.012,22.724
0.5485389648342798,-0.33078174191821547,-0.5851309769638602,-0.9570431225254686,0.505600242161531,-0.6076250872230449,-1.8538339177271899,-0.9949874371066199,0.564128954705866,-0.7962995811874646,114.4,108.3,4.25,1.408,1.68,-10.33,6.3,4.3,0.186,12.364
-0.5196012814107532,-0.014819022037935756,1.7933277100375513,1.3537950742296567,1.4757676815200975,1.1289058687787188,-1.2683507410445827,1.0050378152592119,-0.5265899245977373,1.7885374193458057,993.2,1392.3,374.48,10.7,81.9,5.0,0.5,13.04,0.498,1.887
-0.51798777650706,-0.7520653684252552,2.103561451820344,1.6426498488240475,0.42475295554831705,0.9765785919364591,-0.7121417231961059,1.0050378152592119,-0.7094660043125,2.2801070549464275,1006.6,1380.0,393.0,10.54,73.8,4.9,0.5,13.26,0.54,0.608
0.3065132292802693,-0.8573862750520151,-0.5851309769638602,-0.9570431225254686,0.7077184586945656,-1.5825196590135089,1.0735819656858459,-0.9949874371066199,-0.05870986751107911,-0.7962995811874646,130.4,95.5,3.52,1.324,1.147,-10.04,8.3,4.34,0.343,16.43
1.3230213186071134,-0.8573862750520151,0.4489814956454493,0.9686553747704691,-1.1113454901027466,-1.2169341945920849,1.0735819656858459,-0.9949874371066199,0.7761591920563149,0.6374451893143495,96.1,109.8,3.93,1.426,0.31,-11.37,15.3,5.45,0.889,13.979
2.226584064675419,-0.7520653684252552,0.4489814956454493,2.894353872066407,-0.909227273569712,-1.6739160251188647,1.0735819656858459,-0.9949874371066199,1.6949568872415954,1.8663692783159043,120.0,137.9,5.18,1.442,0.1,-10.13,8.7,6.22,1.266,18.322
0.6776193571297521,-0.22546083529145575,0.4489814956454493,-0.9570431225254686,0.10136380909546147,-0.759952364065305,1.0735819656858459,-0.9949874371066199,0.79736221579136,-0.5914788996872055,113.8,108.1,3.76,1.485,1.444,-10.14,15.8,5.15,0.407,12.818
3.7755487722210868,-1.3839908081858145,0.4489814956454493,-0.9570431225254686,1.5161913248267045,-1.5215887482766048,-0.9756091527032792,-0.9949874371066199,1.4829266498911464,-0.5914788996872055,185.8,127.3,4.91,1.547,1.401,-8.37,1.0,5.19,0.444,5.397
-0.7769553135498511,1.8809572972437423,-0.17148598792013645,-0.09047879874229672,0.3439056689351031,1.1898367795156228,-1.3268990587128435,1.0050378152592119,-0.6304405679333429,-0.27195863654680125,706.3,788.1,209.79,5.55,155.7,6.46,20.4,10.59,0.199,5.187
1.3230213186071134,-1.120688541618915,-0.5851309769638602,-0.9570431225254686,1.3140731082936696,-0.759952364065305,-0.390125976020672,-0.9949874371066199,0.4581138360306411,-0.7962995811874646,150.6,126.4,4.89,1.454,1.888,-9.03,1.0,4.51,0.151,4.476
-0.5276688059292203,-0.06747947535131575,0.5523927429063803,0.4872307504464847,-0.7475327003432842,0.824251315094199,-0.6828675643619755,1.0050378152592119,-0.5496923858757133,0.3814193374390255,741.1,838.8,255.52,10.32,104.1,5.92,4.1,11.08,0.352,2.226
-0.5381565878032275,0.45912505778248397,0.13874775386265667,0.10209105098729723,-0.10075440743757318,0.3672694845674189,-0.6828675643619755,1.0050378152592119,-0.43605743054570695,-0.04460768008151336,694.3,801.8,238.49,10.11,109.3,5.61,8.8,10.31,0.314,3.808
0.5001338177234778,0.45912505778248397,-0.5851309769638602,-0.9570431225254686,-1.1113454901027466,-0.363901444275429,1.0735819656858459,-0.9949874371066199,1.1273342726679971,-0.7962995811874646,47.3,79.5,2.51,1.326,1.256,-13.13,28.2,3.92,0.264,21.762
-0.5518713794846213,-0.12013992866469575,1.7933277100375513,1.3537950742296567,1.2736494649870627,1.1593713241471708,0.07826056532541381,1.0050378152592119,-0.5917892225830005,1.7885374193458057,963.3,1366.8,383.04,9.88,79.5,4.89,0.5,13.77,0.504,1.529
0.3871884744649395,0.09050188458882395,-0.5851309769638602,-0.9570431225254686,-1.1113454901027466,-0.6076250872230449,1.0735819656858459,-0.9949874371066199,0.6913470971161354,-0.7962995811874646,50.9,75.5,2.33,1.298,1.065,-13.19,25.6,4.1,0.324,20.881
-0.7785688184535445,2.2495804704374023,-0.37830848244199805,-0.18676372360709348,-0.6262617704234634,1.0375095026733627,-0.0973843876793685,1.0050378152592119,-0.5915462712693698,-0.3948510454469566,623.9,616.4,189.42,5.57,172.7,6.54,25.3,10.01,0.191,6.699
-0.5454173598698479,-0.17280038197807576,0.4489814956454493,0.3909458255816877,-0.14117805074418016,0.824251315094199,-1.209802423376322,1.0050378152592119,-0.5964715569911563,0.2687679626138828,763.1,920.9,256.18,10.13,93.8,5.31,3.0,12.12,0.337,1.927
-0.4897514406924254,1.6176550306768427,0.035336506601725624,0.10209105098729723,-0.6262617704234634,1.1898367795156228,-0.5072226113571934,1.0050378152592119,-0.055595673399994425,-0.08762002319656777,656.1,720.0,218.3,10.73,156.9,6.57,19.5,10.44,0.255,4.604
1.4682367599395196,-0.5414235551717355,0.4489814956454493,1.9315046234184379,-1.1113454901027466,-1.2169341945920849,1.0735819656858459,-0.9949874371066199,1.300934029498677,1.251907233815127,104.4,124.1,4.63,1.431,0.1,-10.47,13.6,5.92,1.041,17.317
-0.274348536049356,-0.06747947535131575,-0.5851309769638602,-0.9570431225254686,-1.1113454901027466,-0.9122796409075649,1.0735819656858459,-0.9949874371066199,-0.23761038027552076,-0.7962995811874646,53.3,68.7,2.11,1.23,0.93,-12.71,28.6,4.14,0.361,21.247
2.2346515891938865,-0.43610264854497544,0.4489814956454493,2.894353872066407,-1.1113454901027466,-1.6739160251188647,1.0735819656858459,-0.9949874371066199,2.2334253441795076,1.8663692783159043,115.7,131.8,5.14,1.422,0.1,-10.31,13.9,6.18,1.302,22.761
-0.7979308772978654,-1.4893117148125745,-0.6885422242247912,-0.4756184982014842,-0.019907120824359227,0.7023894936203908,-1.3268990587128435,1.0050378152592119,-1.0323262136446736,-0.6222020019122444,580.2,660.5,179.86,5.26,53.2,4.46,0.5,8.85,0.161,0.001
-0.8051916493644857,-0.9100467283653951,-0.5851309769638602,-0.3793335733366872,0.10136380909546147,0.7328549489888428,0.3417279948325869,1.0050378152592119,-0.9771100060013275,-0.5505147633871535,612.9,667.5,185.15,5.06,67.3,4.56,2.2,8.65,0.176,0.699
-0.6156048231805108,-1.2786699015590548,1.4830939682547588,1.1612252245000632,-0.060330764130966205,1.1898367795156228,-0.5072226113571934,1.0050378152592119,-0.900337390894019,1.4157637790153343,888.5,1230.3,336.65,8.49,65.7,4.95,0.5,12.5,0.493,0.001
-0.47926365881841826,0.35380415115572394,-0.17148598792013645,-0.09047879874229672,-0.14117805074418016,0.458665850672775,-0.887786676200888,1.0050378152592119,-0.3759159371805743,-0.27195863654680125,648.1,771.7,208.35,11.11,103.8,5.52,9.6,9.27,0.246,3.46
-0.6123778133731239,-0.6994049151118752,2.0001502045594135,1.5463649239592505,-0.38371991058382177,1.1289058687787188,-0.5364967701913237,1.0050378152592119,-0.7815341985285952,2.112154096116215,986.1,1325.1,389.35,8.88,85.0,5.66,0.5,14.7,0.573,0.461
-0.5317025681884537,-0.12013992866469575,1.3796827209938276,1.0649402996352662,0.7885657453077793,1.0070440473049111,0.2831796771643262,1.0050378152592119,-0.5674940912199282,1.2703410951501501,872.4,1256.9,346.66,10.13,83.0,5.18,0.5,13.35,0.498,1.721
-0.528475558381067,-0.4887631018583555,1.069448979211035,0.8723704499056721,1.5161913248267045,1.0984404134102668,0.22463135949606539,1.0050378152592119,-0.6540510183216377,0.9323869706747224,838.7,1258.8,338.44,10.17,67.1,4.7,0.5,12.41,0.43,0.909
-0.7688877890313841,1.1963714041698028,-0.5851309769638602,-0.3793335733366872,-0.5049908405036426,1.0070440473049111,0.19535720066193502,1.0050378152592119,-0.6947343201132552,-0.5505147633871535,578.2,568.9,172.59,5.85,131.2,6.02,19.6,9.34,0.161,4.511
-0.5389633402550741,-0.8573862750520151,0.4489814956454493,0.3909458255816877,-0.38371991058382177,0.7023894936203908,-0.6828675643619755,1.0050378152592119,-0.7531088948338008,0.2687679626138828,767.8,884.3,263.33,9.92,75.5,5.1,0.5,11.01,0.326,0.896
-0.6615897129357728,1.2490318574831827,-2.653355922182479,-1.9198923711734375,-1.1113454901027466,0.1540112969882551,0.48809878900323883,-0.9949874371066199,-0.48277034221197784,-1.205940944187983,-2.0,48.6,1.22,1.074,1.835,-14.94,32.9,2.14,0.001,31.62
-0.6196385854397443,-1.3313303548724347,2.4137951936031374,1.9315046234184379,1.1523785350672422,1.1289058687787188,-0.7121417231961059,1.0050378152592119,-0.91319172403339,2.8085444132170965,1030.2,1583.6,416.69,8.66,45.5,4.53,0.5,16.06,0.654,0.001
0.2742431312064012,0.19582279121558394,-0.5851309769638602,-0.9570431225254686,-1.1113454901027466,-0.4552978103807849,1.0735819656858459,-0.9949874371066199,0.6127192174320104,-0.7962995811874646,51.0,78.3,2.47,1.274,1.167,-12.51,26.8,4.04,0.285,19.184
-0.8035781444607923,-1.5419721681259546,-0.9987759660075838,-0.668188347931078,2.0416986878125947,0.6719240382519388,0.45882463016910846,1.0050378152592119,-1.040498212375889,-0.7799139266674439,572.4,857.9,175.9,5.1,25.4,3.29,0.5,7.83,0.106,0.001
-0.47926365881841826,1.7756363906169828,-0.2748972351810675,-0.18676372360709348,1.9204277578927738,1.0984404134102668,-0.12665854651349887,1.0050378152592119,0.009316500305523345,-0.3579833227769101,681.6,923.3,225.72,11.25,125.2,5.46,18.1,10.45,0.213,5.386
-0.7745350561943111,1.5123341240500827,-2.653355922182479,-1.9198923711734375,-1.1113454901027466,0.6109931275150351,1.0735819656858459,-0.9949874371066199,-0.668296799893621,-1.205940944187983,-5.0,56.3,1.55,1.106,2.195,-14.55,31.8,2.15,0.001,28.455
0.5485389648342798,-0.5940840084851154,0.4489814956454493,-0.9570431225254686,0.10136380909546147,-0.759952364065305,1.0735819656858459,-0.9949874371066199,0.3520987173554162,-0.5914788996872055,120.8,108.5,4.06,1.457,1.448,-10.61,11.5,5.16,0.416,9.09
-0.41956397738176227,-0.43610264854497544,-0.5851309769638602,0.005806126122500255,-1.1113454901027466,-0.759952364065305,1.0735819656858459,-0.9949874371066199,-0.5278267676489483,-0.3866582181869463,67.4,91.7,3.18,1.24,0.822,-11.89,18.0,4.45,0.506,16.528
0.5485389648342798,-0.7520653684252552,0.4489814956454493,-0.9570431225254686,0.10136380909546147,-0.759952364065305,1.0735819656858459,-0.9949874371066199,0.2248805749451468,-0.5914788996872055,122.7,109.1,4.13,1.482,1.408,-10.28,9.8,4.93,0.413,7.433
0.37105342542800546,0.6171064177226233,-0.5851309769638602,-0.9570431225254686,-1.1113454901027466,-0.759952364065305,1.0735819656858459,-0.9949874371066199,1.0456142853558443,-0.7962995811874646,45.3,69.2,2.07,1.256,0.983,-12.96,35.0,4.12,0.326,26.308
-0.17753824182775177,-0.33078174191821547,-0.5851309769638602,-0.9570431225254686,-1.1113454901027466,-1.2169341945920849,1.0735819656858459,-0.9949874371066199,-0.23098443535831914,-0.7962995811874646,56.4,65.3,1.94,1.185,0.704,-12.64,28.4,4.18,0.402,22.085
-0.7930903625867852,-1.2260094482456747,-1.3090097077903766,-0.8607581976606716,1.2332258216804557,0.824251315094199,0.2831796771643262,1.0050378152592119,-1.0015597427458012,-0.9130473696426123,487.8,726.1,144.6,5.28,47.4,3.78,1.8,6.94,0.052,0.001
-0.7648540267721506,1.1963714041698028,-0.9987759660075838,-0.668188347931078,0.30348202562849613,1.0679749580418147,-0.6828675643619755,1.0050378152592119,-0.6871144834584734,-0.7799139266674439,556.8,574.0,148.09,5.91,126.4,5.63,20.4,7.95,0.079,4.41
-0.7874430954238584,2.0389386571838823,-0.9987759660075838,-0.668188347931078,1.4757676815200975,0.9461131365680071,-1.2683507410445827,1.0050378152592119,-0.6364922642910537,-0.7799139266674439,590.6,731.6,161.46,5.51,131.9,5.54,25.6,8.38,0.088,5.73
-0.032322800495345444,-1.120688541618915,-1.6192434495731696,-1.9198923711734375,1.1119548917606352,-1.6739160251188647,-1.8538339177271899,-0.9949874371066199,-0.4695184523775747,-1.205940944187983,120.9,79.5,2.61,1.186,1.475,-10.08,4.1,3.3,0.001,18.042
-0.8108389165274127,-1.8052744346928542,-1.5158322023122386,-1.0533280473902653,-0.4241435538904286,0.8851822258311031,-0.8292383585326274,1.0050378152592119,-1.0698290618760344,-1.0031684695027263,445.8,435.8,114.72,5.0,52.3,4.29,0.5,7.65,0.02,0.001
-0.5187945289589065,0.14316233790220395,2.103561451820344,1.6426498488240475,-0.7879563436498911,0.7937858597257469,-0.15593270534762926,1.0050378152592119,-0.48601705522140654,2.2801070549464275,957.8,1221.3,389.14,10.65,111.9,5.94,0.5,15.36,0.588,2.807
-0.6059237937583505,-0.43610264854497544,1.4830939682547588,1.1612252245000632,1.1119548917606352,0.9765785919364591,-0.6243192466937149,1.0050378152592119,-0.7217019159262654,1.4157637790153343,917.9,1360.1,347.89,9.11,73.3,4.8,0.5,13.57,0.468,1.26
-0.032322800495345444,0.30114369784234396,-0.5851309769638602,0.9686553747704691,-1.1113454901027466,-0.9122796409075649,1.0735819656858459,-0.9949874371066199,0.2460835986801919,0.022983144813571988,68.5,95.9,3.7,1.285,0.516,-12.0,23.1,4.85,0.687,25.685
0.613079160982016,-0.43610264854497544,-0.5851309769638602,-0.9570431225254686,0.10136380909546147,-1.064606917749825,1.0735819656858459,-0.9949874371066199,0.546459768259995,-0.7962995811874646,102.1,91.5,3.26,1.32,1.292,-10.61,13.2,4.23,0.293,16.681
-0.12913309471694964,-0.9627071816787749,-0.5851309769638602,-1.9198923711734375,0.9098366752276003,-0.1506432566962648,-1.8538339177271899,-0.9949874371066199,-0.46421769644381344,-1.205940944187983,131.7,115.3,4.19,1.414,2.352,-10.34,1.0,4.15,0.001,0.841
-0.490558193144272,2.144259563810642,0.862626484689173,0.6798006001760787,1.718309541359739,0.9461131365680071,-0.4194001348548024,1.0050378152592119,0.0822902403269697,0.674312911984396,841.4,1231.2,299.48,11.1,144.9,5.91,16.1,12.49,0.403,6.291
-0.7761485610980045,1.0383900442296634,-0.17148598792013645,-0.09047879874229672,0.7077184586945656,0.9765785919364591,-0.12665854651349887,1.0050378152592119,-0.7268701529616827,-0.27195863654680125,703.9,841.0,213.52,5.66,118.0,5.49,14.3,9.83,0.228,4.007
-0.5349295779958406,-0.6994049151118752,2.103561451820344,1.6426498488240475,2.0821223311192014,0.6414585828834871,-0.9756091527032792,1.0050378152592119,-0.7115642202029471,2.2801070549464275,1018.1,1615.6,415.54,10.12,49.9,4.33,0.5,14.86,0.629,1.145
-0.3711588302709602,-0.27812128860483576,-0.5851309769638602,0.005806126122500255,-1.1113454901027466,-0.6685559979599489,1.0735819656858459,-0.9949874371066199,-0.4257872159240446,-0.3866582181869463,63.5,89.0,3.23,1.253,0.888,-12.03,17.7,4.44,0.497,16.818
-0.618025080536051,-1.2260094482456747,2.517206440864068,1.9315046234184379,-0.9900745601829258,1.0375095026733627,-0.7414158820302362,1.0050378152592119,-0.8913261058066249,2.8904726858172,1002.3,1377.5,421.78,8.53,78.4,5.73,0.5,15.7,0.641,0.001
-0.08879547212461457,0.19582279121558394,-0.5851309769638602,0.005806126122500255,-1.1113454901027466,-0.4552978103807849,-1.8538339177271899,-0.9949874371066199,0.11577334864189479,-0.3866582181869463,60.4,91.7,3.25,1.299,1.002,-12.24,22.9,4.55,0.446,20.231
1.048725484979235,-0.8573862750520151,-0.5851309769638602,-0.9570431225254686,0.7077184586945656,-1.5215887482766048,-1.8538339177271899,-0.9949874371066199,0.5508770648714627,-0.7962995811874646,130.4,97.0,3.55,1.364,1.18,-10.12,7.4,4.29,0.328,16.503
-0.5196012814107532,-0.7520653684252552,0.862626484689173,0.6798006001760787,-0.060330764130966205,0.6414585828834871,-0.9756091527032792,1.0050378152592119,-0.7108795392281695,0.674312911984396,816.6,1070.6,293.85,10.24,71.8,4.98,0.5,12.0,0.433,1.086
-0.7898633527793983,2.2495804704374023,-0.2748972351810675,-0.09047879874229672,-0.5049908405036426,0.854716770462651,-0.9756091527032792,1.0050378152592119,-0.6190660291588135,-0.3108745660318506,616.8,673.8,198.72,5.27,165.8,6.93,25.7,9.71,0.206,6.565
0.8228347984621585,0.30114369784234396,-0.5851309769638602,0.005806126122500255,-1.1113454901027466,-0.9122796409075649,1.0735819656858459,-0.9949874371066199,1.4634905448006885,-0.3866582181869463,57.6,81.5,2.79,1.291,0.69,-12.12,27.1,4.3,0.528,25.629
0.9357801417206967,-0.33078174191821547,-0.5851309769638602,-0.9570431225254686,-0.5049908405036426,-0.6685559979599489,1.0735819656858459,-0.9949874371066199,0.9881894294067645,-0.7962995811874646,79.7,88.9,3.02,1.308,1.299,-11.81,17.3,4.11,0.274,15.58
-0.5518713794846213,-0.38344219523159545,1.6899164627766208,1.3537950742296567,-0.7475327003432842,1.0984404134102668,0.19535720066193502,1.0050378152592119,-0.6531896454824014,1.7188983876357176,942.9,1206.0,348.84,9.89,101.3,5.87,0.5,13.79,0.492,1.038
-0.4711961342999512,0.40646460446910393,0.24215900112358724,0.1983759758520942,1.5970386114399184,0.5805276721465831,0.01971224765715304,1.0050378152592119,-0.34972136827457084,0.05575445385361348,715.1,1022.5,259.03,11.22,88.0,4.84,5.9,10.76,0.321,3.205
0.613079160982016,-0.12013992866469575,-0.5851309769638602,-0.9570431225254686,-1.1113454901027466,-1.156003283855181,1.0735819656858459,-0.9949874371066199,0.8114975649480567,-0.7962995811874646,53.4,66.6,1.85,1.223,0.758,-13.59,30.3,4.17,0.403,23.546
-0.41956397738176227,-0.4887631018583555,-0.5851309769638602,0.005806126122500255,-1.1113454901027466,-0.6990214533284009,1.0735819656858459,-0.9949874371066199,-0.543729035450232,-0.3866582181869463,66.7,92.8,3.23,1.252,0.823,-12.42,16.9,4.19,0.488,15.994
-0.7817958282609313,0.7750877776627634,-0.5851309769638602,-0.3793335733366872,1.5970386114399184,0.9765785919364591,-0.9170608350350183,1.0050378152592119,-0.7670012926768667,-0.5505147633871535,587.5,888.2,195.46,5.52,98.6,4.88,13.2,9.33,0.16,3.877
2.081368623343013,-1.4893117148125745,0.4489814956454493,-0.9570431225254686,1.1119548917606352,-1.6739160251188647,-1.8538339177271899,-0.9949874371066199,0.3865536309248643,-0.5914788996872055,162.7,114.9,4.34,1.468,1.238,-9.11,1.0,5.22,0.485,6.907
3.7755487722210868,-1.3839908081858145,0.4489814956454493,-0.9570431225254686,1.5161913248267045,-1.6739160251188647,-1.8538339177271899,-0.9949874371066199,1.4829266498911464,-0.5914788996872055,183.4,123.5,4.65,1.51,1.376,-8.05,1.0,5.26,0.44,6.899
-0.49943247011458575,2.776185003571202,0.6558039901673114,0.5835156753112817,-0.5049908405036426,0.9765785919364591,-1.1805282645421917,1.0050378152592119,0.22574194778438303,0.4981671258941732,798.7,901.1,263.54,10.68,183.8,6.88,24.4,11.82,0.364,7.792
-0.6164115756323575,-1.120688541618915,1.3796827209938276,1.0649402996352662,1.718309541359739,0.7328549489888428,-0.009561911176977342,1.0050378152592119,-0.8692837957154012,1.2703410951501501,921.2,1329.9,352.8,8.55,42.4,4.24,0.5,12.36,0.498,0.302
-0.41956397738176227,-0.5414235551717355,-0.5851309769638602,0.005806126122500255,-1.1113454901027466,-0.5466941764861409,1.0735819656858459,-0.9949874371066199,-0.5596313032515158,-0.3866582181869463,67.6,91.5,3.33,1.244,0.923,-12.5,14.4,4.4,0.471,13.717
1.4036965637917835,0.6171064177226233,-0.5851309769638602,0.005806126122500255,-1.1113454901027466,-0.9122796409075649,0.7808403773445424,-0.9949874371066199,2.685314787532652,-0.3866582181869463,57.6,81.7,2.71,1.345,0.68,-12.49,31.5,4.72,0.537,27.469
0.3065132292802693,0.9857295909162833,0.4489814956454493,1.9315046234184379,-1.1113454901027466,-0.759952364065305,1.0735819656858459,-0.9949874371066199,1.1935937218400121,1.251907233815127,86.0,120.2,4.52,1.49,0.405,-11.23,25.2,5.6,0.977,26.232
-0.4865244308850385,1.6703154839902228,-0.2748972351810675,-0.18676372360709348,0.8289893886143863,1.0679749580418147,-0.8585125173667576,1.0050378152592119,-0.034723946910809406,-0.3579833227769101,666.3,826.8,205.01,11.19,138.7,5.81,19.8,9.36,0.195,4.828
-0.7850228380683182,2.2495804704374023,-0.2748972351810675,-0.18676372360709348,1.7991568279729528,1.1898367795156228,-0.3315776583524112,1.0050378152592119,-0.6072718472061948,-0.3579833227769101,663.4,943.0,209.5,5.5,145.7,5.76,23.6,9.41,0.189,5.87
0.20970293505866508,-0.5940840084851154,-0.5851309769638602,0.9686553747704691,-0.7071090570366773,-0.9732105516444688,1.0735819656858459,-0.9949874371066199,0.027427416412540897,0.022983144813571988,96.9,109.3,4.36,1.289,0.602,-10.72,8.9,4.4,0.672,16.527
-0.609957556017584,-0.6994049151118752,1.2762714737328966,0.9686553747704691,-0.9900745601829258,0.7328549489888428,-1.209802423376322,1.0050378152592119,-0.7793476367059188,1.129014824914971,877.7,1040.0,319.85,8.8,86.6,5.79,0.5,12.64,0.469,1.14
0.5808090629081479,0.09050188458882395,-0.5851309769638602,-0.9570431225254686,-0.3028726239706078,-1.3692614714343447,1.0735819656858459,-0.9949874371066199,0.9457833819366745,-0.7962995811874646,80.8,75.0,2.52,1.282,0.879,-11.79,25.1,4.16,0.371,25.225
0.7582946023144223,-0.22546083529145575,-0.5851309769638602,-0.9570431225254686,-1.1113454901027466,-1.2169341945920849,1.0735819656858459,-0.9949874371066199,0.8901254446321817,-0.7962995811874646,55.1,62.3,1.9,1.241,0.683,-12.84,29.9,4.03,0.401,23.809
-0.8100321640755659,-1.0680280883055349,-0.9987759660075838,-0.668188347931078,-0.7879563436498911,0.8851822258311031,-0.6243192466937149,1.0050378152592119,-0.9965902840579,-0.7799139266674439,539.6,513.0,147.38,5.02,74.6,4.83,4.2,8.12,0.1,0.157
-0.4647421146851775,0.6697668710360034,0.4489814956454493,0.3909458255816877,0.10136380909546147,0.7633204043572949,-1.385447376381104,1.0050378152592119,-0.26685288384343686,0.2687679626138828,765.4,916.6,261.61,11.31,114.4,5.88,9.0,11.1,0.335,3.461
-0.48813793578873194,2.0389386571838823,0.6558039901673114,0.5835156753112817,1.1523785350672422,1.0984404134102668,0.07826056532541381,1.0050378152592119,0.060004978922115176,0.4981671258941732,812.6,1048.3,285.38,10.89,144.0,6.2,18.1,11.25,0.343,5.887
0.6937544061666862,-0.7520653684252552,0.4489814956454493,-0.9570431225254686,0.30348202562849613,-0.8513487301706608,1.0735819656858459,-0.9949874371066199,0.3520987173554165,-0.5914788996872055,128.5,116.1,3.95,1.501,1.445,-10.27,8.5,5.26,0.412,7.848
-0.30661863412322404,-0.22546083529145575,-0.5851309769638602,-0.9570431225254686,-1.1113454901027466,0.3063385738305149,1.0735819656858459,-0.9949874371066199,-0.3343491760666633,-0.7962995811874646,56.5,94.9,3.36,1.313,1.704,-12.89,14.9,4.08,0.158,8.548
1.2584811224593773,0.45912505778248397,-0.5851309769638602,0.005806126122500255,-0.3028726239706078,-1.6434505697504127,1.0735819656858459,-0.9949874371066199,2.269205446732396,-0.3866582181869463,85.4,81.3,2.92,1.318,0.521,-11.46,28.7,4.47,0.585,32.484
0.9357801417206967,-0.33078174191821547,0.4489814956454493,-0.9570431225254686,0.10136380909546147,-0.6685559979599489,1.0735819656858459,-0.9949874371066199,0.9881894294067645,-0.5914788996872055,114.8,111.9,4.06,1.494,1.539,-10.91,14.0,4.7,0.391,10.928
0.04835244468932473,-0.014819022037935756,-0.5851309769638602,0.005806126122500255,-1.1113454901027466,-0.363901444275429,1.0735819656858459,-0.9949874371066199,0.18865874273111183,-0.3866582181869463,62.4,94.5,3.43,1.311,1.045,-12.07,17.7,4.38,0.439,17.412
-0.30661863412322404,-0.22546083529145575,-0.5851309769638602,-0.9570431225254686,-1.1113454901027466,0.1540112969882551,1.0735819656858459,-0.9949874371066199,-0.3343491760666633,-0.7962995811874646,54.9,93.7,3.28,1.307,1.576,-13.05,16.0,4.07,0.192,9.794
-0.46070835242594405,0.6697668710360034,-0.4817197297029291,-0.28304864847189043,-0.060330764130966205,0.550062216778131,-1.385447376381104,1.0050378152592119,-0.26033737134152196,-0.47473111123205775,634.8,675.0,184.22,11.21,112.7,5.89,14.3,8.82,0.196,3.866
-0.7866363429720116,1.5123341240500827,-1.1021872132685149,-0.7644732727958748,-0.26244898066400096,1.1898367795156228,-0.6828675643619755,1.0050378152592119,-0.6931440933331268,-0.8372637174875165,547.0,487.1,136.34,5.58,140.8,6.23,23.0,8.44,0.065,4.401
-0.4711961342999512,0.24848324452896395,-0.37830848244199805,-0.18676372360709348,-0.8283799869564981,0.7328549489888428,-1.2683507410445827,1.0050378152592119,-0.39318756693141305,-0.3948510454469566,604.4,644.1,186.63,11.41,109.9,5.72,11.0,9.07,0.216,2.894
-0.032322800495345444,-0.38344219523159545,-0.5851309769638602,0.9686553747704691,-1.1113454901027466,-0.9732105516444688,1.0735819656858459,-0.9949874371066199,-0.0984655370142883,0.022983144813571988,76.8,99.7,3.72,1.294,0.482,-11.74,14.6,4.71,0.736,20.155
-0.46070835242594405,0.5644459644092433,0.13874775386265667,0.1983759758520942,0.7885657453077793,0.6414585828834871,0.4295504713349781,1.0050378152592119,-0.28988908567224086,0.010693903923556701,707.9,923.4,240.36,11.46,105.5,5.53,8.6,9.86,0.297,3.7
0.2500405576510002,0.09050188458882395,-0.5851309769638602,0.005806126122500255,-1.1113454901027466,-0.30297053353852493,1.0735819656858459,-0.9949874371066199,0.5111213953682533,-0.3866582181869463,59.1,96.8,3.49,1.349,1.136,-12.2,18.6,4.52,0.416,18.248
-0.4841041735294984,0.35380415115572394,-0.37830848244199805,-0.28304864847189043,-0.6262617704234634,0.8851822258311031,-0.7121417231961059,1.0050378152592119,-0.3829394387928079,-0.43991159537701363,633.7,662.7,192.07,11.1,118.4,5.83,11.8,9.81,0.203,2.884
-0.22594338893855387,-0.014819022037935756,-0.5851309769638602,-0.9570431225254686,-1.1113454901027466,-0.30297053353852493,1.0735819656858459,-0.9949874371066199,-0.15677385228566187,-0.7962995811874646,52.0,79.9,2.67,1.282,1.279,-12.39,21.7,4.28,0.269,16.604
-0.5559051417438549,-0.12013992866469575,2.517206440864068,1.9315046234184379,0.7481421020011726,1.1593713241471708,0.31245383599845655,1.0050378152592119,-0.596648248855615,2.8904726858172,1104.2,1582.4,426.48,9.66,87.8,5.51,0.5,15.12,0.624,1.524
-0.6107643084694306,-0.9627071816787749,1.7933277100375513,1.4500799990944535,-0.5049908405036426,0.7023894936203908,0.19535720066193502,1.0050378152592119,-0.8334153472302833,1.876610312390917,937.5,1210.0,359.75,8.72,77.8,5.52,0.5,13.79,0.568,0.62
-0.6091508035657371,-1.2786699015590548,1.7933277100375513,1.3537950742296567,1.3140731082936696,0.9765785919364591,-0.6828675643619755,1.0050378152592119,-0.8964501698759274,1.7885374193458057,930.4,1455.1,379.63,8.6,46.2,4.29,0.5,13.74,0.553,0.001
-0.7656607792239972,1.0383900442296634,-0.5851309769638602,-0.3793335733366872,-0.9496509168763189,1.0375095026733627,0.7808403773445424,1.0050378152592119,-0.7079199504984861,-0.5505147633871535,567.3,565.4,166.56,5.89,143.2,6.37,17.5,9.97,0.154,3.904
-0.6043102888546569,-0.5940840084851154,2.2069726990812755,1.6426498488240475,0.0609401657888545,0.6414585828834871,-1.3268990587128435,1.0050378152592119,-0.7525567327573672,2.3558907071015236,1008.8,1335.2,404.75,8.64,77.3,5.33,0.5,14.74,0.649,1.5
3.7755487722210868,-1.3839908081858145,0.4489814956454493,-0.9570431225254686,1.5161913248267045,-1.6739160251188647,-0.0973843876793685,-0.9949874371066199,1.4829266498911464,-0.5914788996872055,181.1,120.7,4.92,1.51,1.354,-8.21,1.0,5.09,0.451,7.055
-0.5413835976106143,-0.5940840084851154,2.2069726990812755,1.6426498488240475,-0.222025337357394,0.824251315094199,-0.9756091527032792,1.0050378152592119,-0.6922606340108333,2.3558907071015236,1011.9,1410.8,397.35,10.07,77.3,5.6,0.5,14.46,0.611,1.167
0.45172867061267563,-0.5940840084851154,0.4489814956454493,0.9686553747704691,0.9098366752276003,-1.3692614714343447,1.0735819656858459,-0.9949874371066199,0.2593354885145947,0.6374451893143495,168.2,147.2,5.77,1.502,0.994,-8.37,1.0,5.7,0.76,12.485
-0.08072794760614754,0.6171064177226233,-0.5851309769638602,-0.9570431225254686,-1.1113454901027466,-0.30297053353852493,-0.390125976020672,-0.9949874371066199,0.3282453156534907,-0.7962995811874646,45.2,77.1,2.57,1.299,1.303,-12.87,30.2,4.25,0.265,22.475
-0.41956397738176227,-0.5940840084851154,-0.5851309769638602,0.005806126122500255,-1.1113454901027466,0.00168402014599498,1.0735819656858459,-0.9949874371066199,-0.5755335710527995,-0.3866582181869463,68.5,109.5,3.95,1.306,1.285,-11.9,8.7,4.26,0.376,7.544
1.7425325935673983,-0.5940840084851154,-0.5851309769638602,0.005806126122500255,0.30348202562849613,-1.6434505697504127,1.0735819656858459,-0.9949874371066199,1.496178539725549,-0.3866582181869463,121.4,97.6,3.67,1.337,0.757,-10.08,10.6,4.45,0.528,20.749
0.41945857253880753,-0.43610264854497544,0.4489814956454493,1.9315046234184379,-1.1113454901027466,-1.3692614714343447,1.0735819656858459,-0.9949874371066199,0.34503104277706803,1.251907233815127,102.3,121.2,4.68,1.404,0.1,-10.61,15.4,5.59,1.118,20.133
-0.41956397738176227,-0.22546083529145575,-0.5851309769638602,0.005806126122500255,-1.1113454901027466,-1.5215887482766048,1.0735819656858459,-0.9949874371066199,-0.4642176964438135,-0.3866582181869463,64.4,75.3,2.39,1.193,0.305,-12.2,28.9,4.0,0.634,27.004
-0.4865244308850385,1.9336177505571222,0.862626484689173,0.6798006001760787,0.465176598854924,0.9461131365680071,-1.531818170551756,1.0050378152592119,0.03562150162681352,0.674312911984396,780.8,1063.5,283.57,11.26,143.0,6.54,16.2,12.98,0.385,5.645
1.9038830839367387,-0.33078174191821547,-0.5851309769638602,-0.9570431225254686,0.10136380909546147,-1.6739160251188647,1.0735819656858459,-0.9949874371066199,2.048340616159011,-0.7962995811874646,106.0,79.8,2.68,1.315,0.856,-11.28,20.4,4.21,0.393,23.902
-0.7745350561943111,2.3022409237507824,-0.895364718746653,-0.5719034230662812,1.3544967516002766,1.0679749580418147,-1.0634316292056702,1.0050378152592119,-0.5755335710527995,-0.7184677222173661,576.6,727.2,159.32,5.76,148.3,5.79,26.4,8.52,0.108,6.199
1.177805877274707,0.7224273243493834,-0.5851309769638602,0.005806126122500255,-1.1113454901027466,-1.064606917749825,1.0735819656858459,-0.9949874371066199,2.4458973111911035,-0.3866582181869463,53.4,77.2,2.49,1.319,0.605,-12.46,34.5,4.38,0.561,30.848
-0.41956397738176227,-0.33078174191821547,-0.5851309769638602,0.005806126122500255,-1.1113454901027466,-0.759952364065305,1.0735819656858459,-0.9949874371066199,-0.49602223204638085,-0.3866582181869463,66.7,85.5,3.15,1.238,0.795,-12.8,19.5,4.54,0.481,17.615
