Alloy ID,Alloy,"Temperature, [C]","Yield Stress, [MPa]","Ultimate Tensile Stress, [MPa]",Tensile elongation [%],Reduction area [%],Fe,C,Cr,Mn,Si,Ni,Co,Mo,W,Nb,Al,P,Cu,Ti,Ta,Hf,Re,V,B,N,O,S,Zr,Y
1,CPJ-7,23.9,847.64,1010.5,24.1,60.7,85.44,0.15,9.83,0.41,0.09,0.27,1.48,1.26,0.482,0.056,0.016,0.001,0.003,,0.279,,,0.209,0.01,0.02,0.0036,0.005,,
1,CPJ-7,23.9,836,993,26,66,85.44,0.15,9.83,0.41,0.09,0.27,1.48,1.26,0.482,0.056,0.016,0.001,0.003,,0.279,,,0.209,0.01,0.02,0.0036,0.005,,
1,CPJ-7,100,801,942,23,67,85.44,0.15,9.83,0.41,0.09,0.27,1.48,1.26,0.482,0.056,0.016,0.001,0.003,,0.279,,,0.209,0.01,0.02,0.0036,0.005,,
1,CPJ-7,100,800,941,23,63,85.44,0.15,9.83,0.41,0.09,0.27,1.48,1.26,0.482,0.056,0.016,0.001,0.003,,0.279,,,0.209,0.01,0.02,0.0036,0.005,,
1,CPJ-7,150,785,914,20,65,85.44,0.15,9.83,0.41,0.09,0.27,1.48,1.26,0.482,0.056,0.016,0.001,0.003,,0.279,,,0.209,0.01,0.02,0.0036,0.005,,
1,CPJ-7,200,769,887,19,64,85.44,0.15,9.83,0.41,0.09,0.27,1.48,1.26,0.482,0.056,0.016,0.001,0.003,,0.279,,,0.209,0.01,0.02,0.0036,0.005,,
1,CPJ-7,200,768,890,19.01,61,85.44,0.15,9.83,0.41,0.09,0.27,1.48,1.26,0.482,0.056,0.016,0.001,0.003,,0.279,,,0.209,0.01,0.02,0.0036,0.005,,
1,CPJ-7,250,759,872,22,68,85.44,0.15,9.83,0.41,0.09,0.27,1.48,1.26,0.482,0.056,0.016,0.001,0.003,,0.279,,,0.209,0.01,0.02,0.0036,0.005,,
1,CPJ-7,250,758,872,18.695,59,85.44,0.15,9.83,0.41,0.09,0.27,1.48,1.26,0.482,0.056,0.016,0.001,0.003,,0.279,,,0.209,0.01,0.02,0.0036,0.005,,
1,CPJ-7,300,744,849,18,60,85.44,0.15,9.83,0.41,0.09,0.27,1.48,1.26,0.482,0.056,0.016,0.001,0.003,,0.279,,,0.209,0.01,0.02,0.0036,0.005,,
1,CPJ-7,300,743,849,18.019,62,85.44,0.15,9.83,0.41,0.09,0.27,1.48,1.26,0.482,0.056,0.016,0.001,0.003,,0.279,,,0.209,0.01,0.02,0.0036,0.005,,
1,CPJ-7,350,731,835,18,67,85.44,0.15,9.83,0.41,0.09,0.27,1.48,1.26,0.482,0.056,0.016,0.001,0.003,,0.279,,,0.209,0.01,0.02,0.0036,0.005,,
1,CPJ-7,350,730,831,18.218,65,85.44,0.15,9.83,0.41,0.09,0.27,1.48,1.26,0.482,0.056,0.016,0.001,0.003,,0.279,,,0.209,0.01,0.02,0.0036,0.005,,
1,CPJ-7,400,708,803,17,61,85.44,0.15,9.83,0.41,0.09,0.27,1.48,1.26,0.482,0.056,0.016,0.001,0.003,,0.279,,,0.209,0.01,0.02,0.0036,0.005,,
1,CPJ-7,400,712,809,18.097,67,85.44,0.15,9.83,0.41,0.09,0.27,1.48,1.26,0.482,0.056,0.016,0.001,0.003,,0.279,,,0.209,0.01,0.02,0.0036,0.005,,
1,CPJ-7,450,680,776,23,69,85.44,0.15,9.83,0.41,0.09,0.27,1.48,1.26,0.482,0.056,0.016,0.001,0.003,,0.279,,,0.209,0.01,0.02,0.0036,0.005,,
1,CPJ-7,450,686,776,20.684,63,85.44,0.15,9.83,0.41,0.09,0.27,1.48,1.26,0.482,0.056,0.016,0.001,0.003,,0.279,,,0.209,0.01,0.02,0.0036,0.005,,
1,CPJ-7,500,642,720,25,76,85.44,0.15,9.83,0.41,0.09,0.27,1.48,1.26,0.482,0.056,0.016,0.001,0.003,,0.279,,,0.209,0.01,0.02,0.0036,0.005,,
1,CPJ-7,500,635,717,21.162,67,85.44,0.15,9.83,0.41,0.09,0.27,1.48,1.26,0.482,0.056,0.016,0.001,0.003,,0.279,,,0.209,0.01,0.02,0.0036,0.005,,
1,CPJ-7,550,567,642,37,84,85.44,0.15,9.83,0.41,0.09,0.27,1.48,1.26,0.482,0.056,0.016,0.001,0.003,,0.279,,,0.209,0.01,0.02,0.0036,0.005,,
1,CPJ-7,550,568,643,26.094,71,85.44,0.15,9.83,0.41,0.09,0.27,1.48,1.26,0.482,0.056,0.016,0.001,0.003,,0.279,,,0.209,0.01,0.02,0.0036,0.005,,
1,CPJ-7,600,493.65,569.2,31.8,81.4,85.44,0.15,9.83,0.41,0.09,0.27,1.48,1.26,0.482,0.056,0.016,0.001,0.003,,0.279,,,0.209,0.01,0.02,0.0036,0.005,,
1,CPJ-7,600,474,547,39,77,85.44,0.15,9.83,0.41,0.09,0.27,1.48,1.26,0.482,0.056,0.016,0.001,0.003,,0.279,,,0.209,0.01,0.02,0.0036,0.005,,
1,CPJ-7,650,396.44,467.9,36.7,83.1,85.44,0.15,9.83,0.41,0.09,0.27,1.48,1.26,0.482,0.056,0.016,0.001,0.003,,0.279,,,0.209,0.01,0.02,0.0036,0.005,,
1,CPJ-7,650,390,452,39,85,85.44,0.15,9.83,0.41,0.09,0.27,1.48,1.26,0.482,0.056,0.016,0.001,0.003,,0.279,,,0.209,0.01,0.02,0.0036,0.005,,
2,CPJ-7B,23.9,830,986,24,61,85.645,0.15,9.81,0.29,0.15,0.22,1.53,1.46,0.428,0.059,0.005,0.003,0.003,,0.202,,,0.204,0.0078,0.0252,0.0029,0.0058,,
2,CPJ-7B,150,794,924,17.0418,55,85.645,0.15,9.81,0.29,0.15,0.22,1.53,1.46,0.428,0.059,0.005,0.003,0.003,,0.202,,,0.204,0.0078,0.0252,0.0029,0.0058,,
2,CPJ-7B,250,763,877,20,65,85.645,0.15,9.81,0.29,0.15,0.22,1.53,1.46,0.428,0.059,0.005,0.003,0.003,,0.202,,,0.204,0.0078,0.0252,0.0029,0.0058,,
2,CPJ-7B,300,754,859,17.92605,65,85.645,0.15,9.81,0.29,0.15,0.22,1.53,1.46,0.428,0.059,0.005,0.003,0.003,,0.202,,,0.204,0.0078,0.0252,0.0029,0.0058,,
2,CPJ-7B,450,681,778,21,66,85.645,0.15,9.81,0.29,0.15,0.22,1.53,1.46,0.428,0.059,0.005,0.003,0.003,,0.202,,,0.204,0.0078,0.0252,0.0029,0.0058,,
2,CPJ-7B,500,635,727,20.09646,71,85.645,0.15,9.81,0.29,0.15,0.22,1.53,1.46,0.428,0.059,0.005,0.003,0.003,,0.202,,,0.204,0.0078,0.0252,0.0029,0.0058,,
2,CPJ-7B,600,477,554,27.09003,78,85.645,0.15,9.81,0.29,0.15,0.22,1.53,1.46,0.428,0.059,0.005,0.003,0.003,,0.202,,,0.204,0.0078,0.0252,0.0029,0.0058,,
3,CPJ-7C,23.9,842.29,998.3,19.7,62.5,85.351,0.16,9.95,0.47,0.11,0.22,1.59,1.34,0.493,0.061,0.009,0.003,0.003,,0.198,,,0.194,0.0086,0.0222,0.0034,0.0055,,
3,CPJ-7C,200,775,899,16.55949,60,85.351,0.16,9.95,0.47,0.11,0.22,1.59,1.34,0.493,0.061,0.009,0.003,0.003,,0.198,,,0.194,0.0086,0.0222,0.0034,0.0055,,
3,CPJ-7C,300,743,851,19,63,85.351,0.16,9.95,0.47,0.11,0.22,1.59,1.34,0.493,0.061,0.009,0.003,0.003,,0.198,,,0.194,0.0086,0.0222,0.0034,0.0055,,
3,CPJ-7C,350,740,832,15.65,63,85.351,0.16,9.95,0.47,0.11,0.22,1.59,1.34,0.493,0.061,0.009,0.003,0.003,,0.198,,,0.194,0.0086,0.0222,0.0034,0.0055,,
3,CPJ-7C,400,718,811,15.93,55,85.351,0.16,9.95,0.47,0.11,0.22,1.59,1.34,0.493,0.061,0.009,0.003,0.003,,0.198,,,0.194,0.0086,0.0222,0.0034,0.0055,,
3,CPJ-7C,450,690,783,17.0418,60,85.351,0.16,9.95,0.47,0.11,0.22,1.59,1.34,0.493,0.061,0.009,0.003,0.003,,0.198,,,0.194,0.0086,0.0222,0.0034,0.0055,,
3,CPJ-7C,500,633,716,27,72,85.351,0.16,9.95,0.47,0.11,0.22,1.59,1.34,0.493,0.061,0.009,0.003,0.003,,0.198,,,0.194,0.0086,0.0222,0.0034,0.0055,,
3,CPJ-7C,550,568,649,24.39711,74,85.351,0.16,9.95,0.47,0.11,0.22,1.59,1.34,0.493,0.061,0.009,0.003,0.003,,0.198,,,0.194,0.0086,0.0222,0.0034,0.0055,,
3,CPJ-7C,600,479,550,26.48,79,85.351,0.16,9.95,0.47,0.11,0.22,1.59,1.34,0.493,0.061,0.009,0.003,0.003,,0.198,,,0.194,0.0086,0.0222,0.0034,0.0055,,
3,CPJ-7C,650,385,447,42,89,85.351,0.16,9.95,0.47,0.11,0.22,1.59,1.34,0.493,0.061,0.009,0.003,0.003,,0.198,,,0.194,0.0086,0.0222,0.0034,0.0055,,
4,CPJ-7D,100,810,948,18.12701,61,85.219,0.16,10.12,0.43,0.1,0.22,1.56,1.31,0.526,0.054,0.01,0.001,0.003,,0.244,,,0.212,0.0083,0.0245,0.0036,0.0058,,
4,CPJ-7D,150,784,915,21,61,85.219,0.16,10.12,0.43,0.1,0.22,1.56,1.31,0.526,0.054,0.01,0.001,0.003,,0.244,,,0.212,0.0083,0.0245,0.0036,0.0058,,
4,CPJ-7D,250,762,876,17.48392,66,85.219,0.16,10.12,0.43,0.1,0.22,1.56,1.31,0.526,0.054,0.01,0.001,0.003,,0.244,,,0.212,0.0083,0.0245,0.0036,0.0058,,
4,CPJ-7D,350,734,829,17,62,85.219,0.16,10.12,0.43,0.1,0.22,1.56,1.31,0.526,0.054,0.01,0.001,0.003,,0.244,,,0.212,0.0083,0.0245,0.0036,0.0058,,
4,CPJ-7D,400,720,816,16.07717,61,85.219,0.16,10.12,0.43,0.1,0.22,1.56,1.31,0.526,0.054,0.01,0.001,0.003,,0.244,,,0.212,0.0083,0.0245,0.0036,0.0058,,
4,CPJ-7D,550,554,638,33,69,85.219,0.16,10.12,0.43,0.1,0.22,1.56,1.31,0.526,0.054,0.01,0.001,0.003,,0.244,,,0.212,0.0083,0.0245,0.0036,0.0058,,
4,CPJ-7D,650,389,459,28.37621,84,85.219,0.16,10.12,0.43,0.1,0.22,1.56,1.31,0.526,0.054,0.01,0.001,0.003,,0.244,,,0.212,0.0083,0.0245,0.0036,0.0058,,
5,CPJ-7E,200,764,885,21,67,85.351,0.15,9.99,0.42,0.12,0.21,1.51,1.33,0.53,0.049,0.014,0.001,0.003,,0.28,,,0.199,0.0087,0.0221,0.0032,0.0058,,
5,CPJ-7E,400,699,806,18,59,85.351,0.15,9.99,0.42,0.12,0.21,1.51,1.33,0.53,0.049,0.014,0.001,0.003,,0.28,,,0.199,0.0087,0.0221,0.0032,0.0058,,
5,CPJ-7E,600,466,542,39,83,85.351,0.15,9.99,0.42,0.12,0.21,1.51,1.33,0.53,0.049,0.014,0.001,0.003,,0.28,,,0.199,0.0087,0.0221,0.0032,0.0058,,
6,CPJ-10,23.9,851,1006,23,64,85.362,0.15,10.03,0.43,0.11,0.21,1.59,1.37,0.508,0.058,0.005,0.003,0.031,,0.155,,,0.219,0.0087,0.0278,0.0064,0.0059,,
6,CPJ-10,150,797,927,20,67,85.362,0.15,10.03,0.43,0.11,0.21,1.59,1.37,0.508,0.058,0.005,0.003,0.031,,0.155,,,0.219,0.0087,0.0278,0.0064,0.0059,,
6,CPJ-10,250,769,881,19,60,85.362,0.15,10.03,0.43,0.11,0.21,1.59,1.37,0.508,0.058,0.005,0.003,0.031,,0.155,,,0.219,0.0087,0.0278,0.0064,0.0059,,
6,CPJ-10,350,741,838,17,57,85.362,0.15,10.03,0.43,0.11,0.21,1.59,1.37,0.508,0.058,0.005,0.003,0.031,,0.155,,,0.219,0.0087,0.0278,0.0064,0.0059,,
6,CPJ-10,450,691,782,22,66,85.362,0.15,10.03,0.43,0.11,0.21,1.59,1.37,0.508,0.058,0.005,0.003,0.031,,0.155,,,0.219,0.0087,0.0278,0.0064,0.0059,,
6,CPJ-10,550,567,646,27,73,85.362,0.15,10.03,0.43,0.11,0.21,1.59,1.37,0.508,0.058,0.005,0.003,0.031,,0.155,,,0.219,0.0087,0.0278,0.0064,0.0059,,
6,CPJ-10,600,472,552,39,84,85.362,0.15,10.03,0.43,0.11,0.21,1.59,1.37,0.508,0.058,0.005,0.003,0.031,,0.155,,,0.219,0.0087,0.0278,0.0064,0.0059,,
6,CPJ-10,650,397,463,48,87,85.362,0.15,10.03,0.43,0.11,0.21,1.59,1.37,0.508,0.058,0.005,0.003,0.031,,0.155,,,0.219,0.0087,0.0278,0.0064,0.0059,,
7,CPJ-7I,23.9,842,994,22,57,85.5,0.15,9.88,0.41,0.08,0.27,1.47,1.27,0.472,0.056,0.019,0.001,0.006,,0.269,,0.115,0.202,0.0102,0.0238,0.0032,0.0058,,
7,CPJ-7I,200,769,891,19,58,85.5,0.15,9.88,0.41,0.08,0.27,1.47,1.27,0.472,0.056,0.019,0.001,0.006,,0.269,,0.115,0.202,0.0102,0.0238,0.0032,0.0058,,
7,CPJ-7I,300,746,847,17,61,85.5,0.15,9.88,0.41,0.08,0.27,1.47,1.27,0.472,0.056,0.019,0.001,0.006,,0.269,,0.115,0.202,0.0102,0.0238,0.0032,0.0058,,
7,CPJ-7I,400,709,809,18,54,85.5,0.15,9.88,0.41,0.08,0.27,1.47,1.27,0.472,0.056,0.019,0.001,0.006,,0.269,,0.115,0.202,0.0102,0.0238,0.0032,0.0058,,
7,CPJ-7I,500,632,717,21,69,85.5,0.15,9.88,0.41,0.08,0.27,1.47,1.27,0.472,0.056,0.019,0.001,0.006,,0.269,,0.115,0.202,0.0102,0.0238,0.0032,0.0058,,
7,CPJ-7I,600,473,555,37,79,85.5,0.15,9.88,0.41,0.08,0.27,1.47,1.27,0.472,0.056,0.019,0.001,0.006,,0.269,,0.115,0.202,0.0102,0.0238,0.0032,0.0058,,
7,CPJ-7I,650,393,458,38,83,85.5,0.15,9.88,0.41,0.08,0.27,1.47,1.27,0.472,0.056,0.019,0.001,0.006,,0.269,,0.115,0.202,0.0102,0.0238,0.0032,0.0058,,
8,CPJ-8A,23.9,872,1035,24,60,83.837,0.15,10.64,0.42,0.1,0.28,2.93,0.5,0.513,0.056,0.013,0.001,0.033,,0.266,,,0.205,0.0089,0.0341,0.005,0.006,,
8,CPJ-8A,600,477,555,37,79,83.837,0.15,10.64,0.42,0.1,0.28,2.93,0.5,0.513,0.056,0.013,0.001,0.033,,0.266,,,0.205,0.0089,0.0341,0.005,0.006,,
8,CPJ-8A,650,408,474,34,81,83.837,0.15,10.64,0.42,0.1,0.28,2.93,0.5,0.513,0.056,0.013,0.001,0.033,,0.266,,,0.205,0.0089,0.0341,0.005,0.006,,
9,CPJ-9,23.9,769,942,22,56,84.167,0.14,10.63,0.4,0.08,0.27,2.94,0.51,0.517,0.055,0.012,0.001,0.031,,0.003,,,0.203,0.0087,0.02,0.0075,0.0064,,
9,CPJ-9,100,753,887,18.2,54,84.167,0.14,10.63,0.4,0.08,0.27,2.94,0.51,0.517,0.055,0.012,0.001,0.031,,0.003,,,0.203,0.0087,0.02,0.0075,0.0064,,
9,CPJ-9,150,740,860,17.3,57,84.167,0.14,10.63,0.4,0.08,0.27,2.94,0.51,0.517,0.055,0.012,0.001,0.031,,0.003,,,0.203,0.0087,0.02,0.0075,0.0064,,
9,CPJ-9,200,723.95,841.16,17,61,84.167,0.14,10.63,0.4,0.08,0.27,2.94,0.51,0.517,0.055,0.012,0.001,0.031,,0.003,,,0.203,0.0087,0.02,0.0075,0.0064,,
9,CPJ-9,250,717,825,17.7,60,84.167,0.14,10.63,0.4,0.08,0.27,2.94,0.51,0.517,0.055,0.012,0.001,0.031,,0.003,,,0.203,0.0087,0.02,0.0075,0.0064,,
9,CPJ-9,300,703.27,799.79,16,59,84.167,0.14,10.63,0.4,0.08,0.27,2.94,0.51,0.517,0.055,0.012,0.001,0.031,,0.003,,,0.203,0.0087,0.02,0.0075,0.0064,,
9,CPJ-9,350,690,783,14.9,55,84.167,0.14,10.63,0.4,0.08,0.27,2.94,0.51,0.517,0.055,0.012,0.001,0.031,,0.003,,,0.203,0.0087,0.02,0.0075,0.0064,,
9,CPJ-9,400,655,751.53,16,60,84.167,0.14,10.63,0.4,0.08,0.27,2.94,0.51,0.517,0.055,0.012,0.001,0.031,,0.003,,,0.203,0.0087,0.02,0.0075,0.0064,,
9,CPJ-9,450,635,715,18.1,60,84.167,0.14,10.63,0.4,0.08,0.27,2.94,0.51,0.517,0.055,0.012,0.001,0.031,,0.003,,,0.203,0.0087,0.02,0.0075,0.0064,,
9,CPJ-9,500,582.61,655,15,62,84.167,0.14,10.63,0.4,0.08,0.27,2.94,0.51,0.517,0.055,0.012,0.001,0.031,,0.003,,,0.203,0.0087,0.02,0.0075,0.0064,,
9,CPJ-9,550,527.45,596.4,24,76,84.167,0.14,10.63,0.4,0.08,0.27,2.94,0.51,0.517,0.055,0.012,0.001,0.031,,0.003,,,0.203,0.0087,0.02,0.0075,0.0064,,
9,CPJ-9,600,435,499,36,80,84.167,0.14,10.63,0.4,0.08,0.27,2.94,0.51,0.517,0.055,0.012,0.001,0.031,,0.003,,,0.203,0.0087,0.02,0.0075,0.0064,,
9,CPJ-9,650,350,419,38,85,84.167,0.14,10.63,0.4,0.08,0.27,2.94,0.51,0.517,0.055,0.012,0.001,0.031,,0.003,,,0.203,0.0087,0.02,0.0075,0.0064,,
10,CPJ-11,23.9,759,918,22,55,84.887,0.15,10.18,0.41,0.1,0.23,1.59,1.35,0.596,0.051,0.005,0.002,0.042,,0.005,0.16,,0.213,0.0097,0.0215,0.0047,0.0059,,
10,CPJ-11,600,436,499,38,84,84.887,0.15,10.18,0.41,0.1,0.23,1.59,1.35,0.596,0.051,0.005,0.002,0.042,,0.005,0.16,,0.213,0.0097,0.0215,0.0047,0.0059,,
10,CPJ-11,650,338,413,43,89,84.887,0.15,10.18,0.41,0.1,0.23,1.59,1.35,0.596,0.051,0.005,0.002,0.042,,0.005,0.16,,0.213,0.0097,0.0215,0.0047,0.0059,,
11,CPJ-12,23.9,857,1022,21,55,82.266,0.15,10.62,0.42,0.1,0.23,4.67,0.54,0.479,0.054,0.005,0.002,0.043,,0.177,,,0.19,0.0097,0.0296,0.0028,0.0067,,
11,CPJ-12,100,836,977,17.7,58,82.266,0.15,10.62,0.42,0.1,0.23,4.67,0.54,0.479,0.054,0.005,0.002,0.043,,0.177,,,0.19,0.0097,0.0296,0.0028,0.0067,,
11,CPJ-12,150,814,947,17.1,53,82.266,0.15,10.62,0.42,0.1,0.23,4.67,0.54,0.479,0.054,0.005,0.002,0.043,,0.177,,,0.19,0.0097,0.0296,0.0028,0.0067,,
11,CPJ-12,200,792.9,923.9,16,57,82.266,0.15,10.62,0.42,0.1,0.23,4.67,0.54,0.479,0.054,0.005,0.002,0.043,,0.177,,,0.19,0.0097,0.0296,0.0028,0.0067,,
11,CPJ-12,250,782,900,16.1,59,82.266,0.15,10.62,0.42,0.1,0.23,4.67,0.54,0.479,0.054,0.005,0.002,0.043,,0.177,,,0.19,0.0097,0.0296,0.0028,0.0067,,
11,CPJ-12,300,758.42,868.74,15,60,82.266,0.15,10.62,0.42,0.1,0.23,4.67,0.54,0.479,0.054,0.005,0.002,0.043,,0.177,,,0.19,0.0097,0.0296,0.0028,0.0067,,
11,CPJ-12,350,748,850,14.8,53,82.266,0.15,10.62,0.42,0.1,0.23,4.67,0.54,0.479,0.054,0.005,0.002,0.043,,0.177,,,0.19,0.0097,0.0296,0.0028,0.0067,,
11,CPJ-12,350,745.93,850.3,15,52.1,82.266,0.15,10.62,0.42,0.1,0.23,4.67,0.54,0.479,0.054,0.005,0.002,0.043,,0.177,,,0.19,0.0097,0.0296,0.0028,0.0067,,
11,CPJ-12,400,710.16,827.37,15,58,82.266,0.15,10.62,0.42,0.1,0.23,4.67,0.54,0.479,0.054,0.005,0.002,0.043,,0.177,,,0.19,0.0097,0.0296,0.0028,0.0067,,
11,CPJ-12,450,697,785,18.1,55,82.266,0.15,10.62,0.42,0.1,0.23,4.67,0.54,0.479,0.054,0.005,0.002,0.043,,0.177,,,0.19,0.0097,0.0296,0.0028,0.0067,,
11,CPJ-12,450,694.53,786.2,19.6,57.9,82.266,0.15,10.62,0.42,0.1,0.23,4.67,0.54,0.479,0.054,0.005,0.002,0.043,,0.177,,,0.19,0.0097,0.0296,0.0028,0.0067,,
11,CPJ-12,500,637.77,723.95,19,67,82.266,0.15,10.62,0.42,0.1,0.23,4.67,0.54,0.479,0.054,0.005,0.002,0.043,,0.177,,,0.19,0.0097,0.0296,0.0028,0.0067,,
11,CPJ-12,550,568.82,644.66,23,74,82.266,0.15,10.62,0.42,0.1,0.23,4.67,0.54,0.479,0.054,0.005,0.002,0.043,,0.177,,,0.19,0.0097,0.0296,0.0028,0.0067,,
11,CPJ-12,550,552.48,633.4,26.1,70.1,82.266,0.15,10.62,0.42,0.1,0.23,4.67,0.54,0.479,0.054,0.005,0.002,0.043,,0.177,,,0.19,0.0097,0.0296,0.0028,0.0067,,
11,CPJ-12,600,471,542,36,79,82.266,0.15,10.62,0.42,0.1,0.23,4.67,0.54,0.479,0.054,0.005,0.002,0.043,,0.177,,,0.19,0.0097,0.0296,0.0028,0.0067,,
11,CPJ-12,650,378,452,37,79,82.266,0.15,10.62,0.42,0.1,0.23,4.67,0.54,0.479,0.054,0.005,0.002,0.043,,0.177,,,0.19,0.0097,0.0296,0.0028,0.0067,,
11,CPJ-12,650,389.23,456.2,31,79.2,82.266,0.15,10.62,0.42,0.1,0.23,4.67,0.54,0.479,0.054,0.005,0.002,0.043,,0.177,,,0.19,0.0097,0.0296,0.0028,0.0067,,
12,CPJ-13,23.9,874,1042,21,55,80.655,0.15,10.53,0.45,0.1,0.27,6.16,0.53,0.508,0.055,0.011,0.002,0.037,,0.26,,,0.237,0.0088,0.0328,0.0028,0.0067,,
12,CPJ-13,100,846,993,18.7,54,80.655,0.15,10.53,0.45,0.1,0.27,6.16,0.53,0.508,0.055,0.011,0.002,0.037,,0.26,,,0.237,0.0088,0.0328,0.0028,0.0067,,
12,CPJ-13,150,819,961,15.9,55,80.655,0.15,10.53,0.45,0.1,0.27,6.16,0.53,0.508,0.055,0.011,0.002,0.037,,0.26,,,0.237,0.0088,0.0328,0.0028,0.0067,,
12,CPJ-13,200,806.69,944.58,16,57,80.655,0.15,10.53,0.45,0.1,0.27,6.16,0.53,0.508,0.055,0.011,0.002,0.037,,0.26,,,0.237,0.0088,0.0328,0.0028,0.0067,,
12,CPJ-13,250,800,919,15.4,54,80.655,0.15,10.53,0.45,0.1,0.27,6.16,0.53,0.508,0.055,0.011,0.002,0.037,,0.26,,,0.237,0.0088,0.0328,0.0028,0.0067,,
12,CPJ-13,300,772.21,889.42,15,56,80.655,0.15,10.53,0.45,0.1,0.27,6.16,0.53,0.508,0.055,0.011,0.002,0.037,,0.26,,,0.237,0.0088,0.0328,0.0028,0.0067,,
12,CPJ-13,300,776.59,888.5,15.7,54.6,80.655,0.15,10.53,0.45,0.1,0.27,6.16,0.53,0.508,0.055,0.011,0.002,0.037,,0.26,,,0.237,0.0088,0.0328,0.0028,0.0067,,
12,CPJ-13,350,763,870,14.7,53,80.655,0.15,10.53,0.45,0.1,0.27,6.16,0.53,0.508,0.055,0.011,0.002,0.037,,0.26,,,0.237,0.0088,0.0328,0.0028,0.0067,,
12,CPJ-13,400,736.9,841.3,16.3,49.3,80.655,0.15,10.53,0.45,0.1,0.27,6.16,0.53,0.508,0.055,0.011,0.002,0.037,,0.26,,,0.237,0.0088,0.0328,0.0028,0.0067,,
12,CPJ-13,400,730.84,841.16,16,58,80.655,0.15,10.53,0.45,0.1,0.27,6.16,0.53,0.508,0.055,0.011,0.002,0.037,,0.26,,,0.237,0.0088,0.0328,0.0028,0.0067,,
12,CPJ-13,450,710,801,18.6,59,80.655,0.15,10.53,0.45,0.1,0.27,6.16,0.53,0.508,0.055,0.011,0.002,0.037,,0.26,,,0.237,0.0088,0.0328,0.0028,0.0067,,
12,CPJ-13,500,648.11,737.74,20,69,80.655,0.15,10.53,0.45,0.1,0.27,6.16,0.53,0.508,0.055,0.011,0.002,0.037,,0.26,,,0.237,0.0088,0.0328,0.0028,0.0067,,
12,CPJ-13,500,651.39,731.8,23.6,63.2,80.655,0.15,10.53,0.45,0.1,0.27,6.16,0.53,0.508,0.055,0.011,0.002,0.037,,0.26,,,0.237,0.0088,0.0328,0.0028,0.0067,,
12,CPJ-13,550,572.27,658.45,24,74,80.655,0.15,10.53,0.45,0.1,0.27,6.16,0.53,0.508,0.055,0.011,0.002,0.037,,0.26,,,0.237,0.0088,0.0328,0.0028,0.0067,,
12,CPJ-13,600,455,552,40,78,80.655,0.15,10.53,0.45,0.1,0.27,6.16,0.53,0.508,0.055,0.011,0.002,0.037,,0.26,,,0.237,0.0088,0.0328,0.0028,0.0067,,
12,CPJ-13,600,486.69,559.7,,,80.655,0.15,10.53,0.45,0.1,0.27,6.16,0.53,0.508,0.055,0.011,0.002,0.037,,0.26,,,0.237,0.0088,0.0328,0.0028,0.0067,,
12,CPJ-13,650,387,462,37,82,80.655,0.15,10.53,0.45,0.1,0.27,6.16,0.53,0.508,0.055,0.011,0.002,0.037,,0.26,,,0.237,0.0088,0.0328,0.0028,0.0067,,
13,CPJ-14,23.9,883,1062,20,55,78.611,0.15,10.74,0.44,0.01,0.26,8.23,0.52,0.498,0.053,0.005,0.001,0.037,,0.185,,,0.197,0.0095,0.0379,0.0023,0.0075,,
13,CPJ-14,100,864,1019,16.55,54,78.611,0.15,10.74,0.44,0.01,0.26,8.23,0.52,0.498,0.053,0.005,0.001,0.037,,0.185,,,0.197,0.0095,0.0379,0.0023,0.0075,,
13,CPJ-14,150,840,985,18.3,55,78.611,0.15,10.74,0.44,0.01,0.26,8.23,0.52,0.498,0.053,0.005,0.001,0.037,,0.185,,,0.197,0.0095,0.0379,0.0023,0.0075,,
13,CPJ-14,200,820.48,965.27,15,54,78.611,0.15,10.74,0.44,0.01,0.26,8.23,0.52,0.498,0.053,0.005,0.001,0.037,,0.185,,,0.197,0.0095,0.0379,0.0023,0.0075,,
13,CPJ-14,250,817,942,15.71,55,78.611,0.15,10.74,0.44,0.01,0.26,8.23,0.52,0.498,0.053,0.005,0.001,0.037,,0.185,,,0.197,0.0095,0.0379,0.0023,0.0075,,
13,CPJ-14,300,792.9,917,13,49,78.611,0.15,10.74,0.44,0.01,0.26,8.23,0.52,0.498,0.053,0.005,0.001,0.037,,0.185,,,0.197,0.0095,0.0379,0.0023,0.0075,,
13,CPJ-14,350,785,898,15.27,51,78.611,0.15,10.74,0.44,0.01,0.26,8.23,0.52,0.498,0.053,0.005,0.001,0.037,,0.185,,,0.197,0.0095,0.0379,0.0023,0.0075,,
13,CPJ-14,400,751.53,861.85,15,58,78.611,0.15,10.74,0.44,0.01,0.26,8.23,0.52,0.498,0.053,0.005,0.001,0.037,,0.185,,,0.197,0.0095,0.0379,0.0023,0.0075,,
13,CPJ-14,450,725,827,16.35,50,78.611,0.15,10.74,0.44,0.01,0.26,8.23,0.52,0.498,0.053,0.005,0.001,0.037,,0.185,,,0.197,0.0095,0.0379,0.0023,0.0075,,
13,CPJ-14,500,665.34,758.42,19,65,78.611,0.15,10.74,0.44,0.01,0.26,8.23,0.52,0.498,0.053,0.005,0.001,0.037,,0.185,,,0.197,0.0095,0.0379,0.0023,0.0075,,
13,CPJ-14,550,579.16,675.69,23,72,78.611,0.15,10.74,0.44,0.01,0.26,8.23,0.52,0.498,0.053,0.005,0.001,0.037,,0.185,,,0.197,0.0095,0.0379,0.0023,0.0075,,
13,CPJ-14,600,478,564,36,77,78.611,0.15,10.74,0.44,0.01,0.26,8.23,0.52,0.498,0.053,0.005,0.001,0.037,,0.185,,,0.197,0.0095,0.0379,0.0023,0.0075,,
13,CPJ-14,650,389,473,38,80,78.611,0.15,10.74,0.44,0.01,0.26,8.23,0.52,0.498,0.053,0.005,0.001,0.037,,0.185,,,0.197,0.0095,0.0379,0.0023,0.0075,,
14,CPJ-15,23.9,832,983,21,63,86.877,0.15,9.88,0.41,0.08,0.26,0.01,1.26,0.479,0.056,0.016,0.001,0.002,,0.266,,,0.205,0.0083,0.0244,0.0043,0.005,,
14,CPJ-15,200,758.42,875.63,18,66,86.877,0.15,9.88,0.41,0.08,0.26,0.01,1.26,0.479,0.056,0.016,0.001,0.002,,0.266,,,0.205,0.0083,0.0244,0.0043,0.005,,
14,CPJ-15,300,723.95,827.37,16,65,86.877,0.15,9.88,0.41,0.08,0.26,0.01,1.26,0.479,0.056,0.016,0.001,0.002,,0.266,,,0.205,0.0083,0.0244,0.0043,0.005,,
14,CPJ-15,400,696.37,799.79,17,66,86.877,0.15,9.88,0.41,0.08,0.26,0.01,1.26,0.479,0.056,0.016,0.001,0.002,,0.266,,,0.205,0.0083,0.0244,0.0043,0.005,,
14,CPJ-15,500,627.42,710.16,21,71,86.877,0.15,9.88,0.41,0.08,0.26,0.01,1.26,0.479,0.056,0.016,0.001,0.002,,0.266,,,0.205,0.0083,0.0244,0.0043,0.005,,
14,CPJ-15,550,565.37,641.21,23,76,86.877,0.15,9.88,0.41,0.08,0.26,0.01,1.26,0.479,0.056,0.016,0.001,0.002,,0.266,,,0.205,0.0083,0.0244,0.0043,0.005,,
14,CPJ-15,600,462,535,27,77,86.877,0.15,9.88,0.41,0.08,0.26,0.01,1.26,0.479,0.056,0.016,0.001,0.002,,0.266,,,0.205,0.0083,0.0244,0.0043,0.005,,
14,CPJ-15,650,384,448,32,84,86.877,0.15,9.88,0.41,0.08,0.26,0.01,1.26,0.479,0.056,0.016,0.001,0.002,,0.266,,,0.205,0.0083,0.0244,0.0043,0.005,,
15,CPJ-16,23.9,853,1011,21,61,83.655,0.15,9.98,0.41,0.06,0.31,2.95,1.27,0.458,0.062,0.013,0.001,0.026,,0.355,,,0.208,0.0075,0.0221,0.072,0.0039,,
15,CPJ-16,100,822,960,19.65,63,83.655,0.15,9.98,0.41,0.06,0.31,2.95,1.27,0.458,0.062,0.013,0.001,0.026,,0.355,,,0.208,0.0075,0.0221,0.072,0.0039,,
15,CPJ-16,200,779.11,903.21,18,68,83.655,0.15,9.98,0.41,0.06,0.31,2.95,1.27,0.458,0.062,0.013,0.001,0.026,,0.355,,,0.208,0.0075,0.0221,0.072,0.0039,,
15,CPJ-16,300,744.63,861.85,16,66,83.655,0.15,9.98,0.41,0.06,0.31,2.95,1.27,0.458,0.062,0.013,0.001,0.026,,0.355,,,0.208,0.0075,0.0221,0.072,0.0039,,
15,CPJ-16,400,717.06,820.48,16,64,83.655,0.15,9.98,0.41,0.06,0.31,2.95,1.27,0.458,0.062,0.013,0.001,0.026,,0.355,,,0.208,0.0075,0.0221,0.072,0.0039,,
15,CPJ-16,450,699,791,18.58,65,83.655,0.15,9.98,0.41,0.06,0.31,2.95,1.27,0.458,0.062,0.013,0.001,0.026,,0.355,,,0.208,0.0075,0.0221,0.072,0.0039,,
15,CPJ-16,500,637.77,717.06,20,71,83.655,0.15,9.98,0.41,0.06,0.31,2.95,1.27,0.458,0.062,0.013,0.001,0.026,,0.355,,,0.208,0.0075,0.0221,0.072,0.0039,,
15,CPJ-16,550,589.5,668.79,24,75,83.655,0.15,9.98,0.41,0.06,0.31,2.95,1.27,0.458,0.062,0.013,0.001,0.026,,0.355,,,0.208,0.0075,0.0221,0.072,0.0039,,
15,CPJ-16,600,481,554,32,80,83.655,0.15,9.98,0.41,0.06,0.31,2.95,1.27,0.458,0.062,0.013,0.001,0.026,,0.355,,,0.208,0.0075,0.0221,0.072,0.0039,,
15,CPJ-16,650,401,462,35,85,83.655,0.15,9.98,0.41,0.06,0.31,2.95,1.27,0.458,0.062,0.013,0.001,0.026,,0.355,,,0.208,0.0075,0.0221,0.072,0.0039,,
16,CPJ-17,23.9,844,996,21,63,85.926,0.15,9.97,0.4,0.05,0.31,0.74,1.27,0.468,0.061,0.013,0.001,0.027,,0.361,,,0.21,0.0075,0.0238,0.0074,0.0036,,
16,CPJ-17,200,772.21,889.42,18,67,85.926,0.15,9.97,0.4,0.05,0.31,0.74,1.27,0.468,0.061,0.013,0.001,0.027,,0.361,,,0.21,0.0075,0.0238,0.0074,0.0036,,
16,CPJ-17,300,744.63,848.06,15,64,85.926,0.15,9.97,0.4,0.05,0.31,0.74,1.27,0.468,0.061,0.013,0.001,0.027,,0.361,,,0.21,0.0075,0.0238,0.0074,0.0036,,
16,CPJ-17,400,717.06,813.58,16,64,85.926,0.15,9.97,0.4,0.05,0.31,0.74,1.27,0.468,0.061,0.013,0.001,0.027,,0.361,,,0.21,0.0075,0.0238,0.0074,0.0036,,
16,CPJ-17,500,637.77,723.95,20,72,85.926,0.15,9.97,0.4,0.05,0.31,0.74,1.27,0.468,0.061,0.013,0.001,0.027,,0.361,,,0.21,0.0075,0.0238,0.0074,0.0036,,
16,CPJ-17,550,575.71,651.55,23,75,85.926,0.15,9.97,0.4,0.05,0.31,0.74,1.27,0.468,0.061,0.013,0.001,0.027,,0.361,,,0.21,0.0075,0.0238,0.0074,0.0036,,
16,CPJ-17,600,474,546,31,78,85.926,0.15,9.97,0.4,0.05,0.31,0.74,1.27,0.468,0.061,0.013,0.001,0.027,,0.361,,,0.21,0.0075,0.0238,0.0074,0.0036,,
16,CPJ-17,650,385,446,34,86,85.926,0.15,9.97,0.4,0.05,0.31,0.74,1.27,0.468,0.061,0.013,0.001,0.027,,0.361,,,0.21,0.0075,0.0238,0.0074,0.0036,,
17,CPJ-7F,23.9,823,972,23,61,85.86,0.15,9.89,0.42,0.09,0.27,1.46,0.5,0.515,0.054,0.011,0.001,0.295,,0.233,,,0.206,0.0113,0.0221,0.005,0.005,,
17,CPJ-7F,200,767,879,21,67,85.86,0.15,9.89,0.42,0.09,0.27,1.46,0.5,0.515,0.054,0.011,0.001,0.295,,0.233,,,0.206,0.0113,0.0221,0.005,0.005,,
17,CPJ-7F,350,721,813,18,60,85.86,0.15,9.89,0.42,0.09,0.27,1.46,0.5,0.515,0.054,0.011,0.001,0.295,,0.233,,,0.206,0.0113,0.0221,0.005,0.005,,
17,CPJ-7F,500,617,688,25,69,85.86,0.15,9.89,0.42,0.09,0.27,1.46,0.5,0.515,0.054,0.011,0.001,0.295,,0.233,,,0.206,0.0113,0.0221,0.005,0.005,,
17,CPJ-7F,600,463,525,31,79,85.86,0.15,9.89,0.42,0.09,0.27,1.46,0.5,0.515,0.054,0.011,0.001,0.295,,0.233,,,0.206,0.0113,0.0221,0.005,0.005,,
17,CPJ-7F,650,383,442,35,81,85.86,0.15,9.89,0.42,0.09,0.27,1.46,0.5,0.515,0.054,0.011,0.001,0.295,,0.233,,,0.206,0.0113,0.0221,0.005,0.005,,
18,CPJ-7G,23.9,827,974,23,63,86.037,0.15,9.87,0.41,0.09,0.27,1.47,0.51,0.511,0.055,0.017,0.001,0.003,,0.274,,0.1,0.205,0.0106,0.0236,0.0027,0.0059,,
18,CPJ-7G,200,768,880,21,66,86.037,0.15,9.87,0.41,0.09,0.27,1.47,0.51,0.511,0.055,0.017,0.001,0.003,,0.274,,0.1,0.205,0.0106,0.0236,0.0027,0.0059,,
18,CPJ-7G,350,720,811,18,61,86.037,0.15,9.87,0.41,0.09,0.27,1.47,0.51,0.511,0.055,0.017,0.001,0.003,,0.274,,0.1,0.205,0.0106,0.0236,0.0027,0.0059,,
18,CPJ-7G,400,703,786,17.54,60,86.037,0.15,9.87,0.41,0.09,0.27,1.47,0.51,0.511,0.055,0.017,0.001,0.003,,0.274,,0.1,0.205,0.0106,0.0236,0.0027,0.0059,,
18,CPJ-7G,500,614,691,25,68,86.037,0.15,9.87,0.41,0.09,0.27,1.47,0.51,0.511,0.055,0.017,0.001,0.003,,0.274,,0.1,0.205,0.0106,0.0236,0.0027,0.0059,,
18,CPJ-7G,550,546,609,29.28,73,86.037,0.15,9.87,0.41,0.09,0.27,1.47,0.51,0.511,0.055,0.017,0.001,0.003,,0.274,,0.1,0.205,0.0106,0.0236,0.0027,0.0059,,
18,CPJ-7G,600,466,531,36,79,86.037,0.15,9.87,0.41,0.09,0.27,1.47,0.51,0.511,0.055,0.017,0.001,0.003,,0.274,,0.1,0.205,0.0106,0.0236,0.0027,0.0059,,
18,CPJ-7G,650,378,448,32,79,86.037,0.15,9.87,0.41,0.09,0.27,1.47,0.51,0.511,0.055,0.017,0.001,0.003,,0.274,,0.1,0.205,0.0106,0.0236,0.0027,0.0059,,
19,CPJ-7H,23.9,843,994,23,59,85.079,0.15,9.85,0.47,0.1,0.27,1.46,1.26,0.484,0.057,0.011,0.001,0.294,,0.28,,,0.208,0.0104,0.0239,0.0032,0.0056,,
19,CPJ-7H,200,767,886,19,62,85.079,0.15,9.85,0.47,0.1,0.27,1.46,1.26,0.484,0.057,0.011,0.001,0.294,,0.28,,,0.208,0.0104,0.0239,0.0032,0.0056,,
19,CPJ-7H,300,739,843,15,59,85.079,0.15,9.85,0.47,0.1,0.27,1.46,1.26,0.484,0.057,0.011,0.001,0.294,,0.28,,,0.208,0.0104,0.0239,0.0032,0.0056,,
19,CPJ-7H,400,706,804,17,57,85.079,0.15,9.85,0.47,0.1,0.27,1.46,1.26,0.484,0.057,0.011,0.001,0.294,,0.28,,,0.208,0.0104,0.0239,0.0032,0.0056,,
19,CPJ-7H,500,630,713,22,65,85.079,0.15,9.85,0.47,0.1,0.27,1.46,1.26,0.484,0.057,0.011,0.001,0.294,,0.28,,,0.208,0.0104,0.0239,0.0032,0.0056,,
19,CPJ-7H,600,474,547,36,78,85.079,0.15,9.85,0.47,0.1,0.27,1.46,1.26,0.484,0.057,0.011,0.001,0.294,,0.28,,,0.208,0.0104,0.0239,0.0032,0.0056,,
19,CPJ-7H,650,384,452,37,84,85.079,0.15,9.85,0.47,0.1,0.27,1.46,1.26,0.484,0.057,0.011,0.001,0.294,,0.28,,,0.208,0.0104,0.0239,0.0032,0.0056,,
20,CPJ-7J,23.9,814,962,26,66,85.963,0.15,9.11,0.41,0.08,0.27,1.47,1.37,0.476,0.056,0.014,0.001,0.033,,0.346,,,0.206,0.0085,0.0226,0.0028,0.0059,,
20,CPJ-7J,600,446,535,40,75,85.963,0.15,9.11,0.41,0.08,0.27,1.47,1.37,0.476,0.056,0.014,0.001,0.033,,0.346,,,0.206,0.0085,0.0226,0.0028,0.0059,,
20,CPJ-7J,650,373,443,40,82,85.963,0.15,9.11,0.41,0.08,0.27,1.47,1.37,0.476,0.056,0.014,0.001,0.033,,0.346,,,0.206,0.0085,0.0226,0.0028,0.0059,,
21,JMP-01A,23.9,829,986,22,56,83.55,0.15,9.09,0.51,0.23,0.19,2.94,0.1,2.914,0.062,0.014,0.001,0.003,,0.01,,,0.202,0.0104,0.0193,0.0027,0.0059,,
21,JMP-01A,100,794,940,18,56,83.55,0.15,9.09,0.51,0.23,0.19,2.94,0.1,2.914,0.062,0.014,0.001,0.003,,0.01,,,0.202,0.0104,0.0193,0.0027,0.0059,,
21,JMP-01A,150,777,914,21,59,83.55,0.15,9.09,0.51,0.23,0.19,2.94,0.1,2.914,0.062,0.014,0.001,0.003,,0.01,,,0.202,0.0104,0.0193,0.0027,0.0059,,
21,JMP-01A,200,764,892,16,51,83.55,0.15,9.09,0.51,0.23,0.19,2.94,0.1,2.914,0.062,0.014,0.001,0.003,,0.01,,,0.202,0.0104,0.0193,0.0027,0.0059,,
21,JMP-01A,250,747,860,20,53,83.55,0.15,9.09,0.51,0.23,0.19,2.94,0.1,2.914,0.062,0.014,0.001,0.003,,0.01,,,0.202,0.0104,0.0193,0.0027,0.0059,,
21,JMP-01A,300,740,852,16,56,83.55,0.15,9.09,0.51,0.23,0.19,2.94,0.1,2.914,0.062,0.014,0.001,0.003,,0.01,,,0.202,0.0104,0.0193,0.0027,0.0059,,
21,JMP-01A,350,727,830,16,52,83.55,0.15,9.09,0.51,0.23,0.19,2.94,0.1,2.914,0.062,0.014,0.001,0.003,,0.01,,,0.202,0.0104,0.0193,0.0027,0.0059,,
21,JMP-01A,400,704,800,19,56,83.55,0.15,9.09,0.51,0.23,0.19,2.94,0.1,2.914,0.062,0.014,0.001,0.003,,0.01,,,0.202,0.0104,0.0193,0.0027,0.0059,,
21,JMP-01A,450,675,766,19,61,83.55,0.15,9.09,0.51,0.23,0.19,2.94,0.1,2.914,0.062,0.014,0.001,0.003,,0.01,,,0.202,0.0104,0.0193,0.0027,0.0059,,
21,JMP-01A,500,621,705,23,70,83.55,0.15,9.09,0.51,0.23,0.19,2.94,0.1,2.914,0.062,0.014,0.001,0.003,,0.01,,,0.202,0.0104,0.0193,0.0027,0.0059,,
21,JMP-01A,550,558,628,26,66,83.55,0.15,9.09,0.51,0.23,0.19,2.94,0.1,2.914,0.062,0.014,0.001,0.003,,0.01,,,0.202,0.0104,0.0193,0.0027,0.0059,,
21,JMP-01A,600,476,541,45,81,83.55,0.15,9.09,0.51,0.23,0.19,2.94,0.1,2.914,0.062,0.014,0.001,0.003,,0.01,,,0.202,0.0104,0.0193,0.0027,0.0059,,
21,JMP-01A,650,384,452,32,80,83.55,0.15,9.09,0.51,0.23,0.19,2.94,0.1,2.914,0.062,0.014,0.001,0.003,,0.01,,,0.202,0.0104,0.0193,0.0027,0.0059,,
22,JMP-01B,23.9,811,968,23,59,83.558,0.15,9.09,0.51,0.26,0.18,2.93,0.1,2.894,0.065,0.014,0.001,0.003,,0.003,,,0.208,0.0121,0.023,0.0021,0.0067,,
22,JMP-01B,100,781,924,17.462,50,83.558,0.15,9.09,0.51,0.26,0.18,2.93,0.1,2.894,0.065,0.014,0.001,0.003,,0.003,,,0.208,0.0121,0.023,0.0021,0.0067,,
22,JMP-01B,150,765,900,21,60,83.558,0.15,9.09,0.51,0.26,0.18,2.93,0.1,2.894,0.065,0.014,0.001,0.003,,0.003,,,0.208,0.0121,0.023,0.0021,0.0067,,
22,JMP-01B,200,746,878,18.695,58,83.558,0.15,9.09,0.51,0.26,0.18,2.93,0.1,2.894,0.065,0.014,0.001,0.003,,0.003,,,0.208,0.0121,0.023,0.0021,0.0067,,
22,JMP-01B,250,731,853,20,56,83.558,0.15,9.09,0.51,0.26,0.18,2.93,0.1,2.894,0.065,0.014,0.001,0.003,,0.003,,,0.208,0.0121,0.023,0.0021,0.0067,,
22,JMP-01B,300,727,838,15.712,57,83.558,0.15,9.09,0.51,0.26,0.18,2.93,0.1,2.894,0.065,0.014,0.001,0.003,,0.003,,,0.208,0.0121,0.023,0.0021,0.0067,,
22,JMP-01B,350,708,815,16.309,54,83.558,0.15,9.09,0.51,0.26,0.18,2.93,0.1,2.894,0.065,0.014,0.001,0.003,,0.003,,,0.208,0.0121,0.023,0.0021,0.0067,,
22,JMP-01B,400,689,791,19,58,83.558,0.15,9.09,0.51,0.26,0.18,2.93,0.1,2.894,0.065,0.014,0.001,0.003,,0.003,,,0.208,0.0121,0.023,0.0021,0.0067,,
22,JMP-01B,450,656,753,19.173,61,83.558,0.15,9.09,0.51,0.26,0.18,2.93,0.1,2.894,0.065,0.014,0.001,0.003,,0.003,,,0.208,0.0121,0.023,0.0021,0.0067,,
22,JMP-01B,500,618,700,22.355,69,83.558,0.15,9.09,0.51,0.26,0.18,2.93,0.1,2.894,0.065,0.014,0.001,0.003,,0.003,,,0.208,0.0121,0.023,0.0021,0.0067,,
22,JMP-01B,550,546,614,28,73,83.558,0.15,9.09,0.51,0.26,0.18,2.93,0.1,2.894,0.065,0.014,0.001,0.003,,0.003,,,0.208,0.0121,0.023,0.0021,0.0067,,
22,JMP-01B,600,472,539,34,76,83.558,0.15,9.09,0.51,0.26,0.18,2.93,0.1,2.894,0.065,0.014,0.001,0.003,,0.003,,,0.208,0.0121,0.023,0.0021,0.0067,,
22,JMP-01B,650,383,445,43,79,83.558,0.15,9.09,0.51,0.26,0.18,2.93,0.1,2.894,0.065,0.014,0.001,0.003,,0.003,,,0.208,0.0121,0.023,0.0021,0.0067,,
23,JMP-02,23.9,825,984,24,60,83.209,0.15,9.08,0.51,0.24,0.18,2.93,0.1,2.897,0.063,0.016,0.001,0.032,,0.349,,,0.203,0.0101,0.0222,0.0022,0.006,,
23,JMP-02,100,793,936,19.3,61,83.209,0.15,9.08,0.51,0.24,0.18,2.93,0.1,2.897,0.063,0.016,0.001,0.032,,0.349,,,0.203,0.0101,0.0222,0.0022,0.006,,
23,JMP-02,150,774,907,22,65,83.209,0.15,9.08,0.51,0.24,0.18,2.93,0.1,2.897,0.063,0.016,0.001,0.032,,0.349,,,0.203,0.0101,0.0222,0.0022,0.006,,
23,JMP-02,200,759,884,17.7,58,83.209,0.15,9.08,0.51,0.24,0.18,2.93,0.1,2.897,0.063,0.016,0.001,0.032,,0.349,,,0.203,0.0101,0.0222,0.0022,0.006,,
23,JMP-02,250,738,855,20,60,83.209,0.15,9.08,0.51,0.24,0.18,2.93,0.1,2.897,0.063,0.016,0.001,0.032,,0.349,,,0.203,0.0101,0.0222,0.0022,0.006,,
23,JMP-02,300,733,843,16.9,58,83.209,0.15,9.08,0.51,0.24,0.18,2.93,0.1,2.897,0.063,0.016,0.001,0.032,,0.349,,,0.203,0.0101,0.0222,0.0022,0.006,,
23,JMP-02,350,723,825,16.6,59,83.209,0.15,9.08,0.51,0.24,0.18,2.93,0.1,2.897,0.063,0.016,0.001,0.032,,0.349,,,0.203,0.0101,0.0222,0.0022,0.006,,
23,JMP-02,400,697,797,19,58,83.209,0.15,9.08,0.51,0.24,0.18,2.93,0.1,2.897,0.063,0.016,0.001,0.032,,0.349,,,0.203,0.0101,0.0222,0.0022,0.006,,
23,JMP-02,450,673,764,18.8,64,83.209,0.15,9.08,0.51,0.24,0.18,2.93,0.1,2.897,0.063,0.016,0.001,0.032,,0.349,,,0.203,0.0101,0.0222,0.0022,0.006,,
23,JMP-02,500,620,703,22.1,68,83.209,0.15,9.08,0.51,0.24,0.18,2.93,0.1,2.897,0.063,0.016,0.001,0.032,,0.349,,,0.203,0.0101,0.0222,0.0022,0.006,,
23,JMP-02,550,546,624,28,73,83.209,0.15,9.08,0.51,0.24,0.18,2.93,0.1,2.897,0.063,0.016,0.001,0.032,,0.349,,,0.203,0.0101,0.0222,0.0022,0.006,,
23,JMP-02,600,465,538,34,74,83.209,0.15,9.08,0.51,0.24,0.18,2.93,0.1,2.897,0.063,0.016,0.001,0.032,,0.349,,,0.203,0.0101,0.0222,0.0022,0.006,,
23,JMP-02,650,380,445,38,82,83.209,0.15,9.08,0.51,0.24,0.18,2.93,0.1,2.897,0.063,0.016,0.001,0.032,,0.349,,,0.203,0.0101,0.0222,0.0022,0.006,,
84,CPJ-7N,23.9,846.49,999.3,20.2,65.2,85.5782,0.15,9.96,0.41,0.07,0.31,1.47,1.26,0.484,0.056,0.013,0.001,,,,,,0.202,0.0092,0.0222,0.0066,0.0038,,
84,CPJ-7N,100,808,946,18,64,85.5782,0.15,9.96,0.41,0.07,0.31,1.47,1.26,0.484,0.056,0.013,0.001,,,,,,0.202,0.0092,0.0222,0.0066,0.0038,,
84,CPJ-7N,200,774,890,19,67,85.5782,0.15,9.96,0.41,0.07,0.31,1.47,1.26,0.484,0.056,0.013,0.001,,,,,,0.202,0.0092,0.0222,0.0066,0.0038,,
84,CPJ-7N,300,749,854,17,66,85.5782,0.15,9.96,0.41,0.07,0.31,1.47,1.26,0.484,0.056,0.013,0.001,,,,,,0.202,0.0092,0.0222,0.0066,0.0038,,
84,CPJ-7N,400,726,814,17,64,85.5782,0.15,9.96,0.41,0.07,0.31,1.47,1.26,0.484,0.056,0.013,0.001,,,,,,0.202,0.0092,0.0222,0.0066,0.0038,,
84,CPJ-7N,500,644,726,21,70,85.5782,0.15,9.96,0.41,0.07,0.31,1.47,1.26,0.484,0.056,0.013,0.001,,,,,,0.202,0.0092,0.0222,0.0066,0.0038,,
84,CPJ-7N,600,482,554,33,79,85.5782,0.15,9.96,0.41,0.07,0.31,1.47,1.26,0.484,0.056,0.013,0.001,,,,,,0.202,0.0092,0.0222,0.0066,0.0038,,
84,CPJ-7N,650,388,459,34,84,85.5782,0.15,9.96,0.41,0.07,0.31,1.47,1.26,0.484,0.056,0.013,0.001,,,,,,0.202,0.0092,0.0222,0.0066,0.0038,,
89,P92STD,23.9,526.9,697.3,27,71,87.0858,0.1,9.12,0.45,0.1,0.46,0.01,0.46,1.85,0.08,0.01,0.001,0.003,0.001,0.01,,,0.2,,0.042,0.0114,0.0044,,
89,P92STD,200,481,609,22,74,87.0858,0.1,9.12,0.45,0.1,0.46,0.01,0.46,1.85,0.08,0.01,0.001,0.003,0.001,0.01,,,0.2,,0.042,0.0114,0.0044,,
89,P92STD,300,461,571,23,71,87.0858,0.1,9.12,0.45,0.1,0.46,0.01,0.46,1.85,0.08,0.01,0.001,0.003,0.001,0.01,,,0.2,,0.042,0.0114,0.0044,,
89,P92STD,400,440,545,19,69,87.0858,0.1,9.12,0.45,0.1,0.46,0.01,0.46,1.85,0.08,0.01,0.001,0.003,0.001,0.01,,,0.2,,0.042,0.0114,0.0044,,
89,P92STD,500,406,483,27,71,87.0858,0.1,9.12,0.45,0.1,0.46,0.01,0.46,1.85,0.08,0.01,0.001,0.003,0.001,0.01,,,0.2,,0.042,0.0114,0.0044,,
89,P92STD,550,361,419,30,81,87.0858,0.1,9.12,0.45,0.1,0.46,0.01,0.46,1.85,0.08,0.01,0.001,0.003,0.001,0.01,,,0.2,,0.042,0.0114,0.0044,,
89,P92STD,600,298,350,36,87,87.0858,0.1,9.12,0.45,0.1,0.46,0.01,0.46,1.85,0.08,0.01,0.001,0.003,0.001,0.01,,,0.2,,0.042,0.0114,0.0044,,
89,P92STD,650,218,276,43,89,87.0858,0.1,9.12,0.45,0.1,0.46,0.01,0.46,1.85,0.08,0.01,0.001,0.003,0.001,0.01,,,0.2,,0.042,0.0114,0.0044,,
90,P92LBN,23.9,538.27,727.6,28,70,86.6251,0.13,9.65,0.46,0.08,0.46,0.01,0.45,1.8,0.07,0.01,0.001,0.003,0.001,0.002,,,0.2,0.0007,0.0333,0.0089,0.0039,,
90,P92LBN,200,487,631,23,75,86.6251,0.13,9.65,0.46,0.08,0.46,0.01,0.45,1.8,0.07,0.01,0.001,0.003,0.001,0.002,,,0.2,0.0007,0.0333,0.0089,0.0039,,
90,P92LBN,300,472,594,22,74,86.6251,0.13,9.65,0.46,0.08,0.46,0.01,0.45,1.8,0.07,0.01,0.001,0.003,0.001,0.002,,,0.2,0.0007,0.0333,0.0089,0.0039,,
90,P92LBN,400,450,565,20,71,86.6251,0.13,9.65,0.46,0.08,0.46,0.01,0.45,1.8,0.07,0.01,0.001,0.003,0.001,0.002,,,0.2,0.0007,0.0333,0.0089,0.0039,,
90,P92LBN,500,410,495,27,80,86.6251,0.13,9.65,0.46,0.08,0.46,0.01,0.45,1.8,0.07,0.01,0.001,0.003,0.001,0.002,,,0.2,0.0007,0.0333,0.0089,0.0039,,
90,P92LBN,550,368,431,33,84,86.6251,0.13,9.65,0.46,0.08,0.46,0.01,0.45,1.8,0.07,0.01,0.001,0.003,0.001,0.002,,,0.2,0.0007,0.0333,0.0089,0.0039,,
90,P92LBN,600,304,359,40,90,86.6251,0.13,9.65,0.46,0.08,0.46,0.01,0.45,1.8,0.07,0.01,0.001,0.003,0.001,0.002,,,0.2,0.0007,0.0333,0.0089,0.0039,,
90,P92LBN,650,222,279,46,91,86.6251,0.13,9.65,0.46,0.08,0.46,0.01,0.45,1.8,0.07,0.01,0.001,0.003,0.001,0.002,,,0.2,0.0007,0.0333,0.0089,0.0039,,
91,P92HBN,23.9,518.24,689.9,28,71,87.2273,0.08,8.7,0.45,0.42,0.46,0.01,0.46,1.81,0.07,0.01,0.001,0.003,0.004,0.006,,,0.2,0.0036,0.0761,0.0061,0.0042,,
91,P92HBN,200,471,608,24,73,87.2273,0.08,8.7,0.45,0.42,0.46,0.01,0.46,1.81,0.07,0.01,0.001,0.003,0.004,0.006,,,0.2,0.0036,0.0761,0.0061,0.0042,,
91,P92HBN,300,459,582,22,70,87.2273,0.08,8.7,0.45,0.42,0.46,0.01,0.46,1.81,0.07,0.01,0.001,0.003,0.004,0.006,,,0.2,0.0036,0.0761,0.0061,0.0042,,
91,P92HBN,400,435,563,21,67,87.2273,0.08,8.7,0.45,0.42,0.46,0.01,0.46,1.81,0.07,0.01,0.001,0.003,0.004,0.006,,,0.2,0.0036,0.0761,0.0061,0.0042,,
91,P92HBN,500,386,475,31,78,87.2273,0.08,8.7,0.45,0.42,0.46,0.01,0.46,1.81,0.07,0.01,0.001,0.003,0.004,0.006,,,0.2,0.0036,0.0761,0.0061,0.0042,,
91,P92HBN,550,350,409,36,83,87.2273,0.08,8.7,0.45,0.42,0.46,0.01,0.46,1.81,0.07,0.01,0.001,0.003,0.004,0.006,,,0.2,0.0036,0.0761,0.0061,0.0042,,
91,P92HBN,600,273,330,45,89,87.2273,0.08,8.7,0.45,0.42,0.46,0.01,0.46,1.81,0.07,0.01,0.001,0.003,0.004,0.006,,,0.2,0.0036,0.0761,0.0061,0.0042,,
91,P92HBN,650,182,249,57,92,87.2273,0.08,8.7,0.45,0.42,0.46,0.01,0.46,1.81,0.07,0.01,0.001,0.003,0.004,0.006,,,0.2,0.0036,0.0761,0.0061,0.0042,,
92,JMP-03,23.9,829,988,19.8,53.2,83.1139,0.15,9.6,0.5,0.2,0.17,2.95,0.1,2.89,0.06,0.01,0.001,0.003,0.001,0.01,,,0.2,0.01,0.0207,0.0066,0.0038,,
92,JMP-03,100,791,939,18.97,55,83.1139,0.15,9.6,0.5,0.2,0.17,2.95,0.1,2.89,0.06,0.01,0.001,0.003,0.001,0.01,,,0.2,0.01,0.0207,0.0066,0.0038,,
92,JMP-03,150,778,917,18.62,57,83.1139,0.15,9.6,0.5,0.2,0.17,2.95,0.1,2.89,0.06,0.01,0.001,0.003,0.001,0.01,,,0.2,0.01,0.0207,0.0066,0.0038,,
92,JMP-03,200,757,889,18,56,83.1139,0.15,9.6,0.5,0.2,0.17,2.95,0.1,2.89,0.06,0.01,0.001,0.003,0.001,0.01,,,0.2,0.01,0.0207,0.0066,0.0038,,
92,JMP-03,250,751,870,16.31,61,83.1139,0.15,9.6,0.5,0.2,0.17,2.95,0.1,2.89,0.06,0.01,0.001,0.003,0.001,0.01,,,0.2,0.01,0.0207,0.0066,0.0038,,
92,JMP-03,300,734,845,17.18,57,83.1139,0.15,9.6,0.5,0.2,0.17,2.95,0.1,2.89,0.06,0.01,0.001,0.003,0.001,0.01,,,0.2,0.01,0.0207,0.0066,0.0038,,
92,JMP-03,350,722,828,15.63,57,83.1139,0.15,9.6,0.5,0.2,0.17,2.95,0.1,2.89,0.06,0.01,0.001,0.003,0.001,0.01,,,0.2,0.01,0.0207,0.0066,0.0038,,
92,JMP-03,400,704,805,16,54,83.1139,0.15,9.6,0.5,0.2,0.17,2.95,0.1,2.89,0.06,0.01,0.001,0.003,0.001,0.01,,,0.2,0.01,0.0207,0.0066,0.0038,,
92,JMP-03,450,672,765,21.04,62,83.1139,0.15,9.6,0.5,0.2,0.17,2.95,0.1,2.89,0.06,0.01,0.001,0.003,0.001,0.01,,,0.2,0.01,0.0207,0.0066,0.0038,,
92,JMP-03,500,638,705,23,69,83.1139,0.15,9.6,0.5,0.2,0.17,2.95,0.1,2.89,0.06,0.01,0.001,0.003,0.001,0.01,,,0.2,0.01,0.0207,0.0066,0.0038,,
92,JMP-03,550,562,630,28,74,83.1139,0.15,9.6,0.5,0.2,0.17,2.95,0.1,2.89,0.06,0.01,0.001,0.003,0.001,0.01,,,0.2,0.01,0.0207,0.0066,0.0038,,
92,JMP-03,600,479,540,31,81,83.1139,0.15,9.6,0.5,0.2,0.17,2.95,0.1,2.89,0.06,0.01,0.001,0.003,0.001,0.01,,,0.2,0.01,0.0207,0.0066,0.0038,,
92,JMP-03,650,402,457,33,84,83.1139,0.15,9.6,0.5,0.2,0.17,2.95,0.1,2.89,0.06,0.01,0.001,0.003,0.001,0.01,,,0.2,0.01,0.0207,0.0066,0.0038,,
94,CPJ-1,23.9,671.8,785.3,25.6,72,85.6427,0.11,10.08,0.48,0.24,0.07,2.93,0.01,0.0247,0.0533,0.0133,0.001,0.0031,0.0946,0.003,,,0.208,0.01,0.0111,0.0092,0.006,,
94,CPJ-1,200,611,695,20.72,69,85.6427,0.11,10.08,0.48,0.24,0.07,2.93,0.01,0.0247,0.0533,0.0133,0.001,0.0031,0.0946,0.003,,,0.208,0.01,0.0111,0.0092,0.006,,
94,CPJ-1,300,596,662,20.72,73,85.6427,0.11,10.08,0.48,0.24,0.07,2.93,0.01,0.0247,0.0533,0.0133,0.001,0.0031,0.0946,0.003,,,0.208,0.01,0.0111,0.0092,0.006,,
94,CPJ-1,400,557,610,18.74,73,85.6427,0.11,10.08,0.48,0.24,0.07,2.93,0.01,0.0247,0.0533,0.0133,0.001,0.0031,0.0946,0.003,,,0.208,0.01,0.0111,0.0092,0.006,,
94,CPJ-1,500,476,522,27.68,82,85.6427,0.11,10.08,0.48,0.24,0.07,2.93,0.01,0.0247,0.0533,0.0133,0.001,0.0031,0.0946,0.003,,,0.208,0.01,0.0111,0.0092,0.006,,
94,CPJ-1,600,288.27,348.6,32,88.6,85.6427,0.11,10.08,0.48,0.24,0.07,2.93,0.01,0.0247,0.0533,0.0133,0.001,0.0031,0.0946,0.003,,,0.208,0.01,0.0111,0.0092,0.006,,
94,CPJ-1,650,206.68,275,40.6,91.1,85.6427,0.11,10.08,0.48,0.24,0.07,2.93,0.01,0.0247,0.0533,0.0133,0.001,0.0031,0.0946,0.003,,,0.208,0.01,0.0111,0.0092,0.006,,
95,CPJ-2,23.9,797.24,1138,17.6,51.8,87.2481,0.1,10.08,0.49,0.26,0.06,0.01,1.53,0.01,0.0571,0.0125,0.001,0.003,0.0968,0.001,,,0.0207,0.01,0.0096,0.0072,0.006,,
95,CPJ-2,200,765.32,1096.27,15,47,87.2481,0.1,10.08,0.49,0.26,0.06,0.01,1.53,0.01,0.0571,0.0125,0.001,0.003,0.0968,0.001,,,0.0207,0.01,0.0096,0.0072,0.006,,
95,CPJ-2,300,744.63,1165.21,17,43,87.2481,0.1,10.08,0.49,0.26,0.06,0.01,1.53,0.01,0.0571,0.0125,0.001,0.003,0.0968,0.001,,,0.0207,0.01,0.0096,0.0072,0.006,,
95,CPJ-2,300,805,1173,15,35,87.2481,0.1,10.08,0.49,0.26,0.06,0.01,1.53,0.01,0.0571,0.0125,0.001,0.003,0.0968,0.001,,,0.0207,0.01,0.0096,0.0072,0.006,,
95,CPJ-2,400,765.32,1144.53,17,39,87.2481,0.1,10.08,0.49,0.26,0.06,0.01,1.53,0.01,0.0571,0.0125,0.001,0.003,0.0968,0.001,,,0.0207,0.01,0.0096,0.0072,0.006,,
95,CPJ-2,500,703.27,1048,19,56,87.2481,0.1,10.08,0.49,0.26,0.06,0.01,1.53,0.01,0.0571,0.0125,0.001,0.003,0.0968,0.001,,,0.0207,0.01,0.0096,0.0072,0.006,,
95,CPJ-2,500,749,1050,19,49,87.2481,0.1,10.08,0.49,0.26,0.06,0.01,1.53,0.01,0.0571,0.0125,0.001,0.003,0.0968,0.001,,,0.0207,0.01,0.0096,0.0072,0.006,,
95,CPJ-2,550,637.77,903.32,19,56,87.2481,0.1,10.08,0.49,0.26,0.06,0.01,1.53,0.01,0.0571,0.0125,0.001,0.003,0.0968,0.001,,,0.0207,0.01,0.0096,0.0072,0.006,,
95,CPJ-2,600,408,484,28,79,87.2481,0.1,10.08,0.49,0.26,0.06,0.01,1.53,0.01,0.0571,0.0125,0.001,0.003,0.0968,0.001,,,0.0207,0.01,0.0096,0.0072,0.006,,
95,CPJ-2,650,224,306,51,88,87.2481,0.1,10.08,0.49,0.26,0.06,0.01,1.53,0.01,0.0571,0.0125,0.001,0.003,0.0968,0.001,,,0.0207,0.01,0.0096,0.0072,0.006,,
96,CPJ-3,23.9,840.93,1177.2,20,56.1,87.0227,0.11,10.1,0.5,0.27,0.07,0.01,1.51,0.01,0.0563,0.0118,0.001,0.003,0.0965,0.0033,,,0.202,0.01,0.0069,0.0045,0.005,,
96,CPJ-3,200,779.11,1130.74,13,35,87.0227,0.11,10.1,0.5,0.27,0.07,0.01,1.51,0.01,0.0563,0.0118,0.001,0.003,0.0965,0.0033,,,0.202,0.01,0.0069,0.0045,0.005,,
96,CPJ-3,300,792.9,1199.69,14,34,87.0227,0.11,10.1,0.5,0.27,0.07,0.01,1.51,0.01,0.0563,0.0118,0.001,0.003,0.0965,0.0033,,,0.202,0.01,0.0069,0.0045,0.005,,
96,CPJ-3,400,737.74,1179,16,30,87.0227,0.11,10.1,0.5,0.27,0.07,0.01,1.51,0.01,0.0563,0.0118,0.001,0.003,0.0965,0.0033,,,0.202,0.01,0.0069,0.0045,0.005,,
96,CPJ-3,400,833,1185,17,16,87.0227,0.11,10.1,0.5,0.27,0.07,0.01,1.51,0.01,0.0563,0.0118,0.001,0.003,0.0965,0.0033,,,0.202,0.01,0.0069,0.0045,0.005,,
96,CPJ-3,500,723.95,1082.48,18,46,87.0227,0.11,10.1,0.5,0.27,0.07,0.01,1.51,0.01,0.0563,0.0118,0.001,0.003,0.0965,0.0033,,,0.202,0.01,0.0069,0.0045,0.005,,
96,CPJ-3,550,644.66,917,17,59,87.0227,0.11,10.1,0.5,0.27,0.07,0.01,1.51,0.01,0.0563,0.0118,0.001,0.003,0.0965,0.0033,,,0.202,0.01,0.0069,0.0045,0.005,,
96,CPJ-3,600,546,688,22,70,87.0227,0.11,10.1,0.5,0.27,0.07,0.01,1.51,0.01,0.0563,0.0118,0.001,0.003,0.0965,0.0033,,,0.202,0.01,0.0069,0.0045,0.005,,
96,CPJ-3,650,166,269,58,92,87.0227,0.11,10.1,0.5,0.27,0.07,0.01,1.51,0.01,0.0563,0.0118,0.001,0.003,0.0965,0.0033,,,0.202,0.01,0.0069,0.0045,0.005,,
97,CPJ-4,23.9,672.67,813.3,22.8,68.1,85.5197,0.15,10.12,0.5,0.27,0.08,2.9,0.02,0.0214,0.0553,0.014,0.001,0.003,0.1025,0.001,,,0.206,0.01,0.0165,0.0036,0.006,,
97,CPJ-4,23.9,1010.3,1389,17.4,53.5,85.5197,0.15,10.12,0.5,0.27,0.08,2.9,0.02,0.0214,0.0553,0.014,0.001,0.003,0.1025,0.001,,,0.206,0.01,0.0165,0.0036,0.006,,
97,CPJ-4,200,923.9,1358.27,14,52,85.5197,0.15,10.12,0.5,0.27,0.08,2.9,0.02,0.0214,0.0553,0.014,0.001,0.003,0.1025,0.001,,,0.206,0.01,0.0165,0.0036,0.006,,
97,CPJ-4,300,944.58,1441,17,49,85.5197,0.15,10.12,0.5,0.27,0.08,2.9,0.02,0.0214,0.0553,0.014,0.001,0.003,0.1025,0.001,,,0.206,0.01,0.0165,0.0036,0.006,,
97,CPJ-4,400,923.9,1365.16,19,52,85.5197,0.15,10.12,0.5,0.27,0.08,2.9,0.02,0.0214,0.0553,0.014,0.001,0.003,0.1025,0.001,,,0.206,0.01,0.0165,0.0036,0.006,,
97,CPJ-4,400,999,1368,20,44,85.5197,0.15,10.12,0.5,0.27,0.08,2.9,0.02,0.0214,0.0553,0.014,0.001,0.003,0.1025,0.001,,,0.206,0.01,0.0165,0.0036,0.006,,
97,CPJ-4,500,889.42,1227.27,16,54,85.5197,0.15,10.12,0.5,0.27,0.08,2.9,0.02,0.0214,0.0553,0.014,0.001,0.003,0.1025,0.001,,,0.206,0.01,0.0165,0.0036,0.006,,
97,CPJ-4,550,758.42,972.16,14,58,85.5197,0.15,10.12,0.5,0.27,0.08,2.9,0.02,0.0214,0.0553,0.014,0.001,0.003,0.1025,0.001,,,0.206,0.01,0.0165,0.0036,0.006,,
97,CPJ-4,600,291.37,363,36,87.7,85.5197,0.15,10.12,0.5,0.27,0.08,2.9,0.02,0.0214,0.0553,0.014,0.001,0.003,0.1025,0.001,,,0.206,0.01,0.0165,0.0036,0.006,,
97,CPJ-4,600,256,349,43,90,85.5197,0.15,10.12,0.5,0.27,0.08,2.9,0.02,0.0214,0.0553,0.014,0.001,0.003,0.1025,0.001,,,0.206,0.01,0.0165,0.0036,0.006,,
97,CPJ-4,650,201.82,285.5,57.6,93.1,85.5197,0.15,10.12,0.5,0.27,0.08,2.9,0.02,0.0214,0.0553,0.014,0.001,0.003,0.1025,0.001,,,0.206,0.01,0.0165,0.0036,0.006,,
97,CPJ-4,650,165,253,52,93,85.5197,0.15,10.12,0.5,0.27,0.08,2.9,0.02,0.0214,0.0553,0.014,0.001,0.003,0.1025,0.001,,,0.206,0.01,0.0165,0.0036,0.006,,
98,CPJ-5,23.9,670.56,830.4,24.9,64.8,85.4972,0.18,10.09,0.51,0.27,0.08,2.93,0.01,0.0189,0.0537,0.0175,0.001,0.003,0.1007,0.001,,,0.204,0.01,0.0159,0.0021,0.006,,
98,CPJ-5,100,1105,1434,15,45,85.4972,0.18,10.09,0.51,0.27,0.08,2.93,0.01,0.0189,0.0537,0.0175,0.001,0.003,0.1007,0.001,,,0.204,0.01,0.0159,0.0021,0.006,,
98,CPJ-5,200,999.74,1454.79,14,49,85.4972,0.18,10.09,0.51,0.27,0.08,2.93,0.01,0.0189,0.0537,0.0175,0.001,0.003,0.1007,0.001,,,0.204,0.01,0.0159,0.0021,0.006,,
98,CPJ-5,300,951.48,1509.95,19,51,85.4972,0.18,10.09,0.51,0.27,0.08,2.93,0.01,0.0189,0.0537,0.0175,0.001,0.003,0.1007,0.001,,,0.204,0.01,0.0159,0.0021,0.006,,
98,CPJ-5,400,951.48,1420.32,18,51,85.4972,0.18,10.09,0.51,0.27,0.08,2.93,0.01,0.0189,0.0537,0.0175,0.001,0.003,0.1007,0.001,,,0.204,0.01,0.0159,0.0021,0.006,,
98,CPJ-5,500,937.69,1289.32,16,48,85.4972,0.18,10.09,0.51,0.27,0.08,2.93,0.01,0.0189,0.0537,0.0175,0.001,0.003,0.1007,0.001,,,0.204,0.01,0.0159,0.0021,0.006,,
98,CPJ-5,500,961,1270,16,50,85.4972,0.18,10.09,0.51,0.27,0.08,2.93,0.01,0.0189,0.0537,0.0175,0.001,0.003,0.1007,0.001,,,0.204,0.01,0.0159,0.0021,0.006,,
98,CPJ-5,550,786,1013.53,14,55,85.4972,0.18,10.09,0.51,0.27,0.08,2.93,0.01,0.0189,0.0537,0.0175,0.001,0.003,0.1007,0.001,,,0.204,0.01,0.0159,0.0021,0.006,,
98,CPJ-5,600,284.41,361,40.2,88.9,85.4972,0.18,10.09,0.51,0.27,0.08,2.93,0.01,0.0189,0.0537,0.0175,0.001,0.003,0.1007,0.001,,,0.204,0.01,0.0159,0.0021,0.006,,
98,CPJ-5,650,196.24,286.9,46.6,93.4,85.4972,0.18,10.09,0.51,0.27,0.08,2.93,0.01,0.0189,0.0537,0.0175,0.001,0.003,0.1007,0.001,,,0.204,0.01,0.0159,0.0021,0.006,,
98,CPJ-5,650,147,242,61,96,85.4972,0.18,10.09,0.51,0.27,0.08,2.93,0.01,0.0189,0.0537,0.0175,0.001,0.003,0.1007,0.001,,,0.204,0.01,0.0159,0.0021,0.006,,
99,CPJ-6,23.9,849.32,1000.6,19,62.5,85.4117,0.18,10.11,0.51,0.26,0.08,2.93,0.01,0.0367,0.054,0.017,0.001,0.0027,0.01,0.1448,,,0.206,0.01,0.0161,0.003,0.006,,
99,CPJ-6,100,1157,1473,16,48,85.4117,0.18,10.11,0.51,0.26,0.08,2.93,0.01,0.0367,0.054,0.017,0.001,0.0027,0.01,0.1448,,,0.206,0.01,0.0161,0.003,0.006,,
99,CPJ-6,200,1048,1496.16,14,46,85.4117,0.18,10.11,0.51,0.26,0.08,2.93,0.01,0.0367,0.054,0.017,0.001,0.0027,0.01,0.1448,,,0.206,0.01,0.0161,0.003,0.006,,
99,CPJ-6,200,1227,1498,13,45,85.4117,0.18,10.11,0.51,0.26,0.08,2.93,0.01,0.0367,0.054,0.017,0.001,0.0027,0.01,0.1448,,,0.206,0.01,0.0161,0.003,0.006,,
99,CPJ-6,300,999.74,1530.64,18,49,85.4117,0.18,10.11,0.51,0.26,0.08,2.93,0.01,0.0367,0.054,0.017,0.001,0.0027,0.01,0.1448,,,0.206,0.01,0.0161,0.003,0.006,,
99,CPJ-6,400,985.95,1447.9,18,47,85.4117,0.18,10.11,0.51,0.26,0.08,2.93,0.01,0.0367,0.054,0.017,0.001,0.0027,0.01,0.1448,,,0.206,0.01,0.0161,0.003,0.006,,
99,CPJ-6,400,1090,1454,19,45,85.4117,0.18,10.11,0.51,0.26,0.08,2.93,0.01,0.0367,0.054,0.017,0.001,0.0027,0.01,0.1448,,,0.206,0.01,0.0161,0.003,0.006,,
99,CPJ-6,500,958.37,1316.9,16,49,85.4117,0.18,10.11,0.51,0.26,0.08,2.93,0.01,0.0367,0.054,0.017,0.001,0.0027,0.01,0.1448,,,0.206,0.01,0.0161,0.003,0.006,,
99,CPJ-6,550,765.32,979.06,15,56,85.4117,0.18,10.11,0.51,0.26,0.08,2.93,0.01,0.0367,0.054,0.017,0.001,0.0027,0.01,0.1448,,,0.206,0.01,0.0161,0.003,0.006,,
99,CPJ-6,550,701,907,18,62,85.4117,0.18,10.11,0.51,0.26,0.08,2.93,0.01,0.0367,0.054,0.017,0.001,0.0027,0.01,0.1448,,,0.206,0.01,0.0161,0.003,0.006,,
99,CPJ-6,600,451.47,526.3,25.3,78.1,85.4117,0.18,10.11,0.51,0.26,0.08,2.93,0.01,0.0367,0.054,0.017,0.001,0.0027,0.01,0.1448,,,0.206,0.01,0.0161,0.003,0.006,,
99,CPJ-6,600,356,452,35,78,85.4117,0.18,10.11,0.51,0.26,0.08,2.93,0.01,0.0367,0.054,0.017,0.001,0.0027,0.01,0.1448,,,0.206,0.01,0.0161,0.003,0.006,,
99,CPJ-6,650,370.33,444.4,28.3,79.3,85.4117,0.18,10.11,0.51,0.26,0.08,2.93,0.01,0.0367,0.054,0.017,0.001,0.0027,0.01,0.1448,,,0.206,0.01,0.0161,0.003,0.006,,
101,TAF,23.9,733,902,23.3,63.6,86.4806,0.18,10.55,0.51,0.27,0.06,0.01,1.51,0.01,0.1467,0.0136,0.001,0.003,0.0088,0.001,,,0.206,0.02,0.0046,0.0137,0.006,,
101,TAF,200,671,804,19,63,86.4806,0.18,10.55,0.51,0.27,0.06,0.01,1.51,0.01,0.1467,0.0136,0.001,0.003,0.0088,0.001,,,0.206,0.02,0.0046,0.0137,0.006,,
101,TAF,300,659,769,17,61,86.4806,0.18,10.55,0.51,0.27,0.06,0.01,1.51,0.01,0.1467,0.0136,0.001,0.003,0.0088,0.001,,,0.206,0.02,0.0046,0.0137,0.006,,
101,TAF,400,626,729,18,66,86.4806,0.18,10.55,0.51,0.27,0.06,0.01,1.51,0.01,0.1467,0.0136,0.001,0.003,0.0088,0.001,,,0.206,0.02,0.0046,0.0137,0.006,,
101,TAF,500,561,642,22,74,86.4806,0.18,10.55,0.51,0.27,0.06,0.01,1.51,0.01,0.1467,0.0136,0.001,0.003,0.0088,0.001,,,0.206,0.02,0.0046,0.0137,0.006,,
101,TAF,600,395,467,49.2,87.1,86.4806,0.18,10.55,0.51,0.27,0.06,0.01,1.51,0.01,0.1467,0.0136,0.001,0.003,0.0088,0.001,,,0.206,0.02,0.0046,0.0137,0.006,,
101,TAF,650,299,376,47.5,90.8,86.4806,0.18,10.55,0.51,0.27,0.06,0.01,1.51,0.01,0.1467,0.0136,0.001,0.003,0.0088,0.001,,,0.206,0.02,0.0046,0.0137,0.006,,
105,JMP-05,23.9,831.58,989.1,19,54.2,82.22,0.14,10.63,0.5,0.19,0.17,2.87,0.1,2.89,0.06,0.01,<0.001,<0.003,0.003,0.004,,,0.21,,0.19,0.1,0.02,,
105,JMP-05,200,759,892,17.66,53,82.22,0.14,10.63,0.5,0.19,0.17,2.87,0.1,2.89,0.06,0.01,<0.001,<0.003,0.003,0.004,,,0.21,,0.19,0.1,0.02,,
105,JMP-05,350,717,824,18.02,54,82.22,0.14,10.63,0.5,0.19,0.17,2.87,0.1,2.89,0.06,0.01,<0.001,<0.003,0.003,0.004,,,0.21,,0.19,0.1,0.02,,
105,JMP-05,500,624,703,23.63,69,82.22,0.14,10.63,0.5,0.19,0.17,2.87,0.1,2.89,0.06,0.01,<0.001,<0.003,0.003,0.004,,,0.21,,0.19,0.1,0.02,,
105,JMP-05,600,477,542,33.81,79,82.22,0.14,10.63,0.5,0.19,0.17,2.87,0.1,2.89,0.06,0.01,<0.001,<0.003,0.003,0.004,,,0.21,,0.19,0.1,0.02,,
105,JMP-05,650,394,451,32.58,83,82.22,0.14,10.63,0.5,0.19,0.17,2.87,0.1,2.89,0.06,0.01,<0.001,<0.003,0.003,0.004,,,0.21,,0.19,0.1,0.02,,
106,JMP-06,23.9,818.56,976.1,22.1,55.8,83.68,0.1469,10.1,0.499,0.206,0.16,1.914,0.1,2.8989,0.0631,0.0109,<0.002,0.004,0.0043,0.0068,,,0.204,,0.1895,0.1766,0.0162,,
106,JMP-06,100,804,942,21.19,61,83.68,0.1469,10.1,0.499,0.206,0.16,1.914,0.1,2.8989,0.0631,0.0109,<0.002,0.004,0.0043,0.0068,,,0.204,,0.1895,0.1766,0.0162,,
106,JMP-06,150,759,899,18.69,56,83.68,0.1469,10.1,0.499,0.206,0.16,1.914,0.1,2.8989,0.0631,0.0109,<0.002,0.004,0.0043,0.0068,,,0.204,,0.1895,0.1766,0.0162,,
106,JMP-06,300,730,842,16.67,55,83.68,0.1469,10.1,0.499,0.206,0.16,1.914,0.1,2.8989,0.0631,0.0109,<0.002,0.004,0.0043,0.0068,,,0.204,,0.1895,0.1766,0.0162,,
106,JMP-06,450,666,759,18.89,60,83.68,0.1469,10.1,0.499,0.206,0.16,1.914,0.1,2.8989,0.0631,0.0109,<0.002,0.004,0.0043,0.0068,,,0.204,,0.1895,0.1766,0.0162,,
106,JMP-06,650,390,445,29.365,83,83.68,0.1469,10.1,0.499,0.206,0.16,1.914,0.1,2.8989,0.0631,0.0109,<0.002,0.004,0.0043,0.0068,,,0.204,,0.1895,0.1766,0.0162,,
107,JMP-07,23.9,829.95,985.3,23.2,63.2,82.89,0.148,9.63,0.5,0.22,0.16,2.88,0.1,2.89,0.06,0.01,<0.001,0.007,0.003,0.28,,,0.21,,0.2,0.08,0.02,,
107,JMP-07,200,758.43,883,20.3,66.4,82.89,0.148,9.63,0.5,0.22,0.16,2.88,0.1,2.89,0.06,0.01,<0.001,0.007,0.003,0.28,,,0.21,,0.2,0.08,0.02,,
107,JMP-07,400,700.18,804.3,19.7,64.4,82.89,0.148,9.63,0.5,0.22,0.16,2.88,0.1,2.89,0.06,0.01,<0.001,0.007,0.003,0.28,,,0.21,,0.2,0.08,0.02,,
107,JMP-07,550,548.34,624.2,30.3,76.9,82.89,0.148,9.63,0.5,0.22,0.16,2.88,0.1,2.89,0.06,0.01,<0.001,0.007,0.003,0.28,,,0.21,,0.2,0.08,0.02,,
108,JMP-08,23.9,830.9,984,22.8,62.5,83.3,0.145,9.614,0.5,0.218,0.16,2.88,0.2,2.6788,0.0638,0.0098,<0.001,0.0034,0.0083,0.0151,,,0.202,,0.191,0.08285,0.0158,,
108,JMP-08,100,780.66,924.2,21.7,62.2,83.3,0.145,9.614,0.5,0.218,0.16,2.88,0.2,2.6788,0.0638,0.0098,<0.001,0.0034,0.0083,0.0151,,,0.202,,0.191,0.08285,0.0158,,
108,JMP-08,250,738.45,858.8,18,56.1,83.3,0.145,9.614,0.5,0.218,0.16,2.88,0.2,2.6788,0.0638,0.0098,<0.001,0.0034,0.0083,0.0151,,,0.202,,0.191,0.08285,0.0158,,
108,JMP-08,350,706.52,811.6,16.8,58.6,83.3,0.145,9.614,0.5,0.218,0.16,2.88,0.2,2.6788,0.0638,0.0098,<0.001,0.0034,0.0083,0.0151,,,0.202,,0.191,0.08285,0.0158,,
108,JMP-08,500,609.68,690.7,23.6,65.7,83.3,0.145,9.614,0.5,0.218,0.16,2.88,0.2,2.6788,0.0638,0.0098,<0.001,0.0034,0.0083,0.0151,,,0.202,,0.191,0.08285,0.0158,,
108,JMP-08,600,477.79,540.9,32.4,78.2,83.3,0.145,9.614,0.5,0.218,0.16,2.88,0.2,2.6788,0.0638,0.0098,<0.001,0.0034,0.0083,0.0151,,,0.202,,0.191,0.08285,0.0158,,
110,CPJ-10A,450,690.81,794.8,18.2,56.8,,,,,,,,,,,,,,,,,,,,,,,,
110,CPJ-10A,550,564.65,635.1,37.9,74.1,,,,,,,,,,,,,,,,,,,,,,,,
110,CPJ-10A,600,479.25,544.8,33.4,79.1,,,,,,,,,,,,,,,,,,,,,,,,
110,CPJ-10A,650,395.84,454.1,34.1,81,,,,,,,,,,,,,,,,,,,,,,,,
,,,,,,,,,,,,,,,,,,,,,,,,,,,,,,
,HR52-T1,25,599.1,691.8,23.5,,82.31,,9.06,0.01,0.07,1.19,3.03,0.69,,,,,2.94,0.5,,,,,,,,,,
,HR53-T1,25,590.6,722.8,21.75,,79.73,,10.54,0.01,0.07,1.19,4.04,0.7,,,,,2.99,0.54,,,,,,,,,,
,HR54-T1,25,594.8,739.8,22.7,,78.57,,11.8,0.02,0.07,1.19,3.96,0.69,,,,,2.97,0.51,,,,,,,,,,
,HR58-T1,550,341.2,369,28.1,67.2,82.19,0.139,9.02,<0.010,0.28,1.13,2.94,0.71,<0.010,<0.010,0.027,,3.03,0.54,<0.010,,,<0.010,,,,,,
,HR58-T1,600,240.3,262,50.9,92.4,82.19,0.139,9.02,<0.010,0.28,1.13,2.94,0.71,<0.010,<0.010,0.027,,3.03,0.54,<0.010,,,<0.010,,,,,,
,HR58-T1,650,146,167,73.9,74.5,82.19,0.139,9.02,<0.010,0.28,1.13,2.94,0.71,<0.010,<0.010,0.027,,3.03,0.54,<0.010,,,<0.010,,,,,,
,HR58-T1,25,591.34,742.3,23.2,52.1,82.19,0.139,9.02,<0.010,0.28,1.13,2.94,0.71,<0.010,<0.010,0.027,,3.03,0.54,<0.010,,,<0.010,,,,,,
,HR58-T1,350,478.41,587,8.2,17.5,82.19,0.139,9.02,<0.010,0.28,1.13,2.94,0.71,<0.010,<0.010,0.027,,3.03,0.54,<0.010,,,<0.010,,,,,,
,HR58-T1,500,391.66,453.8,25,54.7,82.19,0.139,9.02,<0.010,0.28,1.13,2.94,0.71,<0.010,<0.010,0.027,,3.03,0.54,<0.010,,,<0.010,,,,,,
,HR59-T1,550,337.1,376,31.2,71.1,81.88,0.133,9.01,0.24,0.28,1.14,2.95,0.71,<0.010,<0.010,0.027,,3.04,0.59,<0.010,,,<0.010,,,,,,
,HR59-T1,600,242,265,60.7,75.1,81.88,0.133,9.01,0.24,0.28,1.14,2.95,0.71,<0.010,<0.010,0.027,,3.04,0.59,<0.010,,,<0.010,,,,,,
,HR59-T1,650,139.1,164,79.6,74.9,81.88,0.133,9.01,0.24,0.28,1.14,2.95,0.71,<0.010,<0.010,0.027,,3.04,0.59,<0.010,,,<0.010,,,,,,
,HR60-T1,550,360,401,37,74.2,81.68,0.106,9.02,0.49,0.28,1.14,2.94,0.71,<0.010,<0.010,0.031,,3.02,0.59,<0.010,,,<0.010,,,,,,
,HR60-T1,600,250.3,278,71.4,80.2,81.68,0.106,9.02,0.49,0.28,1.14,2.94,0.71,<0.010,<0.010,0.031,,3.02,0.59,<0.010,,,<0.010,,,,,,
,HR60-T1,650,123.9,152,129.4,85.9,81.68,0.106,9.02,0.49,0.28,1.14,2.94,0.71,<0.010,<0.010,0.031,,3.02,0.59,<0.010,,,<0.010,,,,,,
,HR61-T1,550,476.1,551,33.9,56.4,81.08,0.199,9.07,0.98,0.29,1.14,2.92,0.71,<0.010,<0.010,0.026,,3.06,0.53,<0.010,,,<0.010,,,,,,
,HR61-T1,600,205.6,255,92.8,63.8,81.08,0.199,9.07,0.98,0.29,1.14,2.92,0.71,<0.010,<0.010,0.026,,3.06,0.53,<0.010,,,<0.010,,,,,,
,HR61-T1,650,112.5,143,93.9,71.1,81.08,0.199,9.07,0.98,0.29,1.14,2.92,0.71,<0.010,<0.010,0.026,,3.06,0.53,<0.010,,,<0.010,,,,,,
,HR62-T1,600,194.3,212,47.75,81.8,82.89,0.108,10.04,0.31,0.01,0.21,5.87,<0.010,<0.010,<0.010,<0.010,,0.01,0.56,<0.010,,,<0.010,,,,,,
,HR62-T1,25,425.28,603.6,33.97,64.9,82.89,0.108,10.04,0.31,0.01,0.21,5.87,<0.010,<0.010,<0.010,<0.010,,0.01,0.56,<0.010,,,<0.010,,,,,,
,HR62-T1,500,282.48,325.7,39.26,69.6,82.89,0.108,10.04,0.31,0.01,0.21,5.87,<0.010,<0.010,<0.010,<0.010,,0.01,0.56,<0.010,,,<0.010,,,,,,
,HR62-T1,650,113.08,169.6,66.2,80.7,82.89,0.108,10.04,0.31,0.01,0.21,5.87,<0.010,<0.010,<0.010,<0.010,,0.01,0.56,<0.010,,,<0.010,,,,,,
,HR63-T1,25,419.58,608.4,34.29,61.5,82.93,0.105,9.94,0.29,0.09,0.21,5.86,<0.010,<0.010,<0.010,<0.010,,0.01,0.57,<0.010,,,<0.010,,,,,,
,HR63-T1,500,293.33,339.5,33.05,65.9,82.93,0.105,9.94,0.29,0.09,0.21,5.86,<0.010,<0.010,<0.010,<0.010,,0.01,0.57,<0.010,,,<0.010,,,,,,
,HR63-T1,650,115.54,173.1,76.1,84.1,82.93,0.105,9.94,0.29,0.09,0.21,5.86,<0.010,<0.010,<0.010,<0.010,,0.01,0.57,<0.010,,,<0.010,,,,,,
,HR64-T1,600,212.35,230.5,53.9,82.45,82.68,0.123,9.96,0.29,0.27,0.2,5.86,<0.010,<0.010,<0.010,<0.010,,0.02,0.59,<0.010,,,<0.010,,,,,,
,HR66-T1,600,219.15,232.5,47.45,78.25,81.9,0.104,9.95,0.29,0.09,0.2,5.88,<0.010,<0.010,<0.010,<0.010,,1.02,0.58,<0.010,,,<0.010,,,,,,
,HR66-T1,25,445.39,620.4,33.45,64.7,81.9,0.104,9.95,0.29,0.09,0.2,5.88,<0.010,<0.010,<0.010,<0.010,,1.02,0.58,<0.010,,,<0.010,,,,,,
,HR66-T1,500,305.41,351.3,35.8,53.6,81.9,0.104,9.95,0.29,0.09,0.2,5.88,<0.010,<0.010,<0.010,<0.010,,1.02,0.58,<0.010,,,<0.010,,,,,,
,HR66-T1,650,128.61,184.8,63.6,68.6,81.9,0.104,9.95,0.29,0.09,0.2,5.88,<0.010,<0.010,<0.010,<0.010,,1.02,0.58,<0.010,,,<0.010,,,,,,
,HR67-T1,25,472.97,643.1,30.43,50.4,80.95,0.109,9.96,0.28,0.08,0.2,5.86,<0.010,<0.010,<0.010,<0.010,,2.03,0.54,<0.010,,,<0.010,,,,,,
,HR67-T1,500,315.29,359.2,32.86,47.1,80.95,0.109,9.96,0.28,0.08,0.2,5.86,<0.010,<0.010,<0.010,<0.010,,2.03,0.54,<0.010,,,<0.010,,,,,,
,HR67-T1,650,127.61,182.8,44,59.9,80.95,0.109,9.96,0.28,0.08,0.2,5.86,<0.010,<0.010,<0.010,<0.010,,2.03,0.54,<0.010,,,<0.010,,,,,,
,HR68-T1,600,218.55,235,46.55,70,79.97,0.118,9.91,0.29,0.09,0.2,5.87,<0.010,<0.010,<0.010,<0.010,,2.97,0.59,<0.010,,,<0.010,,,,,,
,HR68-T1,25,511.73,680.2,28.92,58,79.97,0.118,9.91,0.29,0.09,0.2,5.87,<0.010,<0.010,<0.010,<0.010,,2.97,0.59,<0.010,,,<0.010,,,,,,
,HR68-T1,500,332.85,379.1,26.17,53,79.97,0.118,9.91,0.29,0.09,0.2,5.87,<0.010,<0.010,<0.010,<0.010,,2.97,0.59,<0.010,,,<0.010,,,,,,
,HR68-T1,650,127.01,184.8,50.1,66,79.97,0.118,9.91,0.29,0.09,0.2,5.87,<0.010,<0.010,<0.010,<0.010,,2.97,0.59,<0.010,,,<0.010,,,,,,
